Name,Team,W,L,SV,G,GS,IP,K/9,BB/9,HR/9,BABIP,LOB%,GB%,HR/FB,vFA (pi),ERA,xERA,FIP,xFIP,WAR,playerid
Chris Sale,BOS,17,8,0,32,32,214.1,12.93,1.81,1.01,0.301,78.40%,38.70%,12.10%,94.9,2.9,2.54,2.45,2.65,7.6,10603
Corey Kluber,CLE,18,4,0,29,29,203.2,11.71,1.59,0.93,0.267,82.60%,44.50%,13.50%,92.8,2.25,2.52,2.5,2.52,7.2,2429
Max Scherzer,WSN,16,6,0,31,31,200.2,12.02,2.47,0.99,0.245,80.60%,36.50%,10.80%,94.3,2.51,2.46,2.9,3.28,6.4,3137
Stephen Strasburg,WSN,15,4,0,28,28,175.1,10.47,2.41,0.67,0.274,77.90%,46.80%,8.70%,95.9,2.52,2.71,2.72,3.27,5.9,10131
Luis Severino,NYY,14,6,0,31,31,193.1,10.71,2.37,0.98,0.272,75.50%,50.60%,14.00%,97.6,2.98,3.03,3.07,3.04,5.6,15890
Carlos Carrasco,CLE,18,6,0,32,32,200,10.17,2.07,0.95,0.307,78.20%,45.20%,12.40%,94.6,3.29,3.68,3.1,3.24,5.4,6632
Zack Greinke,ARI,17,7,0,32,32,202.1,9.56,2,1.11,0.285,75.30%,46.80%,13.40%,90.8,3.2,2.98,3.31,3.34,4.9,1943
Jimmy Nelson,MIL,12,6,0,29,29,175.1,10.21,2.46,0.82,0.34,74.40%,50.30%,12.60%,94.4,3.49,3.37,3.05,3.15,4.8,10547
Aaron Nola,PHI,12,11,0,27,27,168,9.86,2.63,0.96,0.309,76.80%,49.80%,12.70%,92.6,3.54,3.24,3.27,3.38,4.5,16149
Chris Archer,TBR,10,12,0,34,34,201,11.15,2.69,1.21,0.325,71.30%,42.00%,14.10%,95.7,4.07,3.52,3.4,3.35,4.5,6345
James Paxton,SEA,12,5,0,24,24,136,10.32,2.45,0.6,0.3,75.50%,44.90%,7.80%,95.8,2.98,2.73,2.61,3.25,4.4,11828
Clayton Kershaw,LAD,18,4,0,27,27,175,10.39,1.54,1.18,0.267,87.40%,47.90%,15.90%,92.9,2.31,2.61,3.07,2.84,4.3,2036
Justin Verlander,- - -,15,8,0,33,33,206,9.57,3.15,1.18,0.271,79.70%,33.50%,11.50%,95.3,3.36,4.06,3.84,4.17,4.1,8700
Jacob deGrom,NYM,15,10,0,31,31,201.1,10.68,2.64,1.25,0.305,76.30%,45.30%,16.10%,95.9,3.53,3.12,3.5,3.23,4.1,10954
Jose Quintana,- - -,11,11,0,32,32,188.2,9.87,2.91,1.1,0.301,71.40%,44.80%,13.20%,92.5,4.15,3.92,3.68,3.73,4,11423
Gio Gonzalez,WSN,15,9,0,32,32,201,8.42,3.54,0.94,0.258,81.50%,45.80%,11.10%,90.4,2.96,3.6,3.93,4.24,3.8,7448
Jeff Samardzija,SFG,9,15,0,32,32,207.2,8.88,1.39,1.3,0.303,67.50%,41.50%,13.80%,94.5,4.42,3.78,3.61,3.6,3.8,3254
Yu Darvish,- - -,10,12,0,31,31,186.2,10.08,2.8,1.3,0.283,75.60%,40.70%,15.10%,94.5,3.86,3.62,3.83,3.65,3.7,13074
Michael Fulmer,DET,10,12,0,25,25,164.2,6.23,2.19,0.71,0.273,65.60%,49.20%,8.80%,95.8,3.83,3.98,3.67,4.24,3.6,13218
Danny Duffy,KCR,9,10,0,24,24,146.1,8,2.52,0.8,0.309,71.30%,39.50%,7.60%,93.2,3.81,4.04,3.46,4.39,3.6,3542
Zack Godley,ARI,8,9,0,26,25,155,9.58,3.08,0.87,0.28,75.20%,55.30%,14.70%,86.3,3.37,3.49,3.41,3.32,3.5,14862
Kenley Jansen,LAD,5,0,41,65,0,68.1,14.36,0.92,0.66,0.289,91.30%,38.40%,8.90%,,1.32,1.7,1.31,1.82,3.4,3096
Marcus Stroman,TOR,13,9,0,33,33,201,7.34,2.78,0.94,0.31,78.00%,62.10%,17.80%,94.1,3.09,4.09,3.9,3.58,3.4,13431
Gerrit Cole,PIT,12,12,0,33,33,203,8.69,2.44,1.37,0.298,74.60%,45.80%,15.90%,96.2,4.26,4.24,4.08,3.81,3.4,13125
Jon Gray,COL,10,4,0,20,20,110.1,9.14,2.45,0.82,0.336,74.80%,48.90%,11.10%,96.1,3.67,3.65,3.18,3.45,3.3,14916
Robbie Ray,ARI,15,5,0,28,28,162,12.11,3.94,1.28,0.267,84.50%,40.30%,15.60%,94.3,2.89,3.34,3.72,3.49,3.3,11486
Brad Peacock,HOU,13,2,0,34,21,132,10.98,3.89,0.68,0.286,78.10%,43.70%,8.20%,92.7,3,2.93,3.07,3.73,3.2,5401
Craig Kimbrel,BOS,5,0,35,67,0,69,16.43,1.83,0.78,0.26,93.90%,37.00%,12.80%,98.5,1.43,2.36,1.42,1.5,3.2,6655
Carlos Martinez,STL,12,11,0,32,32,205,9.53,3.12,1.19,0.284,74.90%,51.30%,16.40%,96.6,3.64,3.39,3.91,3.63,3.2,11682
Jameson Taillon,PIT,8,7,0,25,25,133.2,8.42,3.1,0.74,0.352,71.30%,47.30%,9.90%,95.5,4.44,3.84,3.48,3.89,3.2,11674
Chase Anderson,MIL,12,4,0,25,25,141.1,8.47,2.61,0.89,0.265,80.60%,39.20%,8.60%,93.6,2.74,3.07,3.58,4.33,3.2,6895
Alex Wood,LAD,16,3,0,27,25,152.1,8.92,2.25,0.89,0.267,80.10%,53.00%,13.50%,83.3,2.72,3.17,3.32,3.34,3.1,13781
Michael Wacha,STL,12,9,0,30,30,165.2,8.58,2.99,0.92,0.327,71.50%,48.00%,11.60%,95.5,4.13,3.81,3.63,3.88,3.1,14078
Charlie Morton,HOU,14,7,0,25,25,146.2,10,3.07,0.86,0.294,73.00%,51.80%,12.50%,95.8,3.62,3.62,3.46,3.58,3.1,4676
Patrick Corbin,ARI,14,13,0,33,32,189.2,8.45,2.89,1.23,0.326,74.30%,50.40%,15.30%,92.6,4.03,4.24,4.08,3.89,3,9323
Drew Pomeranz,BOS,17,6,0,32,32,173.2,9.02,3.58,0.98,0.31,80.00%,43.20%,11.20%,91.7,3.32,4.18,3.84,4.15,3,11426
Roberto Osuna,TOR,3,4,39,66,0,64,11.67,1.27,0.42,0.285,59.50%,48.00%,5.80%,94.8,3.38,2.36,1.74,2.57,2.9,13764
Mike Leake,- - -,10,13,0,31,31,186,6.29,1.79,0.97,0.309,70.30%,53.70%,13.60%,,3.92,4.04,3.9,3.91,2.9,10130
J.A. Happ,TOR,10,11,0,25,25,145.1,8.79,2.85,1.11,0.302,76.60%,46.90%,12.30%,92.8,3.53,3.44,3.76,3.94,2.9,7410
Jon Lester,CHC,13,8,0,32,32,180.2,8.97,2.99,1.3,0.31,68.70%,46.20%,15.80%,91.9,4.33,3.73,4.1,3.85,2.9,4930
Lance McCullers Jr.,HOU,7,4,0,22,22,118.2,10.01,3.03,0.61,0.33,67.60%,61.30%,12.70%,94.3,4.25,3.39,3.1,3.17,2.8,14120
Trevor Bauer,CLE,17,9,0,32,31,176.1,10,3.06,1.28,0.337,76.80%,46.40%,16.10%,94.2,4.19,4.3,3.88,3.6,2.8,12703
Dylan Bundy,BAL,13,9,0,28,28,169.2,8.06,2.71,1.38,0.273,73.70%,32.80%,11.50%,92.2,4.24,4.33,4.38,4.77,2.8,12917
Tanner Roark,WSN,13,11,0,32,30,181.1,8.24,3.18,1.14,0.3,66.30%,48.20%,13.50%,92.8,4.67,4.21,4.13,4.15,2.8,8753
Corey Knebel,MIL,1,4,39,76,0,76,14.92,4.74,0.71,0.311,91.90%,38.30%,9.50%,97.6,1.78,2.61,2.53,2.97,2.8,15010
Sonny Gray,- - -,10,12,0,27,27,162.1,8.48,3.16,1.05,0.269,69.60%,52.80%,15.10%,93.7,3.55,3.95,3.9,3.76,2.7,12768
Jose Berrios,MIN,14,8,0,26,25,145.2,8.59,2.97,0.93,0.289,70.80%,39.00%,9.10%,93.8,3.89,3.73,3.84,4.51,2.7,14168
Ervin Santana,MIN,16,8,0,33,33,211.1,7.11,2.6,1.32,0.245,79.50%,41.20%,11.80%,93.2,3.28,3.7,4.46,4.77,2.7,3200
Zach Davies,MIL,17,9,0,33,33,191.1,5.83,2.59,0.94,0.302,74.20%,50.20%,12.00%,89.6,3.9,4.77,4.22,4.42,2.7,13183
Masahiro Tanaka,NYY,13,12,0,30,30,178.1,9.79,2.07,1.77,0.305,71.50%,49.20%,21.20%,92.2,4.74,4.09,4.34,3.44,2.6,15764
Marco Estrada,TOR,10,9,0,33,33,186,8.52,3.44,1.5,0.295,71.90%,30.30%,11.20%,89.9,4.98,3.84,4.61,5.09,2.6,1118
Pat Neshek,- - -,5,3,1,71,0,62.1,9.96,0.87,0.43,0.287,82.30%,36.40%,4.20%,,1.59,1.95,1.86,3.26,2.6,4682
Kevin Gausman,BAL,11,12,0,34,34,186.2,8.63,3.42,1.4,0.336,76.00%,42.70%,14.80%,95.1,4.68,5.03,4.48,4.33,2.6,14107
Jordan Montgomery,NYY,9,7,0,29,29,155.1,8.34,2.95,1.22,0.275,73.80%,40.70%,11.20%,92,3.88,4.04,4.07,4.45,2.6,16511
Jake Arrieta,CHC,14,10,0,30,30,168.1,8.71,2.94,1.23,0.279,72.80%,45.10%,14.00%,92.4,3.53,3.76,4.16,4.11,2.5,4153
Trevor Williams,PIT,7,9,0,31,25,150.1,7,3.11,0.84,0.291,71.40%,48.00%,9.90%,93,4.07,4.18,4.03,4.49,2.5,16977
Kyle Hendricks,CHC,7,5,0,24,24,139.2,7.93,2.58,1.1,0.281,82.50%,50.10%,14.80%,86.4,3.03,3.78,3.88,3.76,2.5,12049
Taijuan Walker,ARI,9,9,0,28,28,157.1,8.35,3.49,0.97,0.29,73.10%,48.90%,11.30%,93.8,3.49,3.95,4.04,4.34,2.5,11836
German Marquez,COL,11,7,0,29,29,162,8.17,2.72,1.39,0.316,76.00%,45.20%,15.40%,95.1,4.39,4.21,4.4,4.18,2.4,15038
Chad Green,NYY,5,0,0,40,1,69,13.43,2.22,0.52,0.236,82.30%,26.40%,6.70%,95.8,1.83,2.65,1.75,2.55,2.4,15552
Jhoulys Chacin,SDP,13,10,0,32,32,180.1,7.64,3.59,0.95,0.272,74.40%,49.10%,11.40%,91.8,3.89,3.84,4.26,4.54,2.3,2608
Jason Hammel,KCR,8,13,0,32,32,180.1,7.24,2.4,1.3,0.318,68.40%,38.00%,10.60%,92.3,5.29,4.87,4.37,4.92,2.3,4538
Rich Hill,LAD,12,8,0,25,25,135.2,11.01,3.25,1.19,0.261,80.40%,36.90%,12.50%,89.1,3.32,3.19,3.72,3.88,2.3,4806
Dallas Keuchel,HOU,14,5,0,23,23,145.2,7.72,2.9,0.93,0.256,79.90%,66.80%,21.10%,89.2,2.9,3.29,3.79,3.32,2.3,9434
Felipe Vazquez,PIT,5,3,21,73,0,75.1,10.51,2.39,0.48,0.234,79.50%,52.90%,7.50%,98.6,1.67,2.48,2.47,3.03,2.3,12076
Andrew Miller,CLE,4,3,2,57,0,62.2,13.64,3.02,0.43,0.233,87.10%,39.50%,7.00%,94.3,1.44,2.3,1.99,2.59,2.3,6785
Alex Cobb,TBR,12,10,0,29,29,179.1,6.42,2.21,1.1,0.282,75.70%,47.80%,13.00%,91.7,3.66,4.45,4.16,4.24,2.2,6562
Andrew Cashner,TEX,11,11,0,28,28,166.2,4.64,3.46,0.81,0.266,74.00%,48.60%,8.60%,94,3.4,4.73,4.61,5.3,2.2,8782
Martin Perez,TEX,13,12,0,32,32,185,5.59,3.06,1.12,0.328,70.60%,47.30%,13.30%,93.4,4.82,5.45,4.65,4.7,2.2,6902
Ivan Nova,PIT,11,14,0,31,31,187,6.3,1.73,1.4,0.299,73.00%,45.70%,15.80%,93.3,4.14,4.48,4.46,4.19,2.2,1994
Mike Minor,KCR,6,6,6,65,0,77.2,10.2,2.55,0.58,0.272,78.10%,42.40%,6.30%,94.8,2.55,2.21,2.62,3.59,2.2,10021
Sean Manaea,OAK,12,10,0,29,29,158.2,7.94,3.12,1.02,0.318,69.60%,44.10%,10.60%,91.9,4.37,4.61,4.1,4.53,2.2,15873
Chad Kuhl,PIT,8,11,0,31,31,157.1,8.12,4.12,0.97,0.321,73.20%,41.90%,10.80%,96.6,4.35,4.64,4.24,4.61,2.2,14975
Brandon McCarthy,LAD,6,4,0,19,16,92.2,6.99,2.62,0.49,0.303,67.90%,42.00%,5.40%,93.5,3.98,3.32,3.28,4.34,2.2,4662
Anthony Swarzak,- - -,6,4,2,70,0,77.1,10.59,2.56,0.7,0.286,82.90%,43.90%,7.90%,94.9,2.33,2.32,2.74,3.48,2.2,7466
Clayton Richard,SDP,8,15,0,32,32,197.1,6.89,2.69,1.09,0.351,70.60%,59.20%,19.40%,91.7,4.79,4.27,4.23,3.76,2.2,3551
Danny Salazar,CLE,5,6,0,23,19,103,12.67,3.84,1.22,0.343,74.10%,39.20%,16.10%,95.4,4.28,4.15,3.48,3.21,2.1,5867
Tommy Kahnle,- - -,2,4,0,69,0,62.2,13.79,2.44,0.57,0.358,78.30%,40.70%,7.50%,98,2.59,2.46,1.83,2.51,2.1,11384
Mike Clevinger,CLE,12,6,0,27,21,121.2,10.13,4.44,0.96,0.273,79.70%,39.50%,11.90%,92.6,3.11,4.15,3.85,4.05,2.1,12808
Josh Tomlin,CLE,10,9,0,26,26,141,6.96,0.89,1.47,0.329,68.50%,39.60%,13.70%,87.6,4.98,5.17,4.12,4.11,2.1,9388
Matthew Boyd,DET,6,11,0,26,25,135,7.33,3.53,1.2,0.33,68.70%,38.10%,10.60%,92.6,5.27,4.61,4.51,5.01,2.1,15440
Yusmeiro Petit,LAA,5,2,4,60,1,91.1,9.95,1.77,0.89,0.267,74.30%,32.90%,8.00%,89.9,2.76,2.8,2.85,3.77,2.1,4020
Archie Bradley,ARI,3,3,1,63,0,73,9.74,2.59,0.49,0.276,88.20%,47.80%,7.40%,96.4,1.73,3.07,2.61,3.21,2,12918
Kyle Freeland,COL,11,11,0,33,28,156,6.17,3.63,0.98,0.308,74.90%,53.90%,12.50%,92.5,4.1,4.21,4.57,4.7,2,16256
Jerad Eickhoff,PHI,4,8,0,24,24,128,8.3,3.73,1.12,0.328,70.90%,37.60%,10.20%,90.4,4.71,4.77,4.3,4.86,2,12664
Rick Porcello,BOS,11,17,0,33,33,203.1,8.01,2.12,1.68,0.324,69.70%,39.20%,14.70%,92.5,4.65,4.64,4.6,4.43,2,2717
Dan Straily,MIA,10,9,0,33,33,181.2,8.42,2.97,1.54,0.288,76.40%,34.20%,13.00%,90.7,4.26,3.87,4.58,4.7,2,9460
Eduardo Rodriguez,BOS,6,7,0,25,24,137.1,9.83,3.28,1.25,0.299,74.50%,34.90%,11.80%,93.4,4.19,3.87,3.97,4.26,2,13164
Ryan Madson,- - -,5,4,2,60,0,59,10.22,1.37,0.31,0.263,80.90%,54.70%,6.90%,96,1.83,2.4,1.99,2.42,1.9,1852
Jaime Garcia,- - -,5,10,0,27,27,157,7.39,3.67,1.03,0.302,69.10%,54.80%,14.30%,91.2,4.41,4.45,4.25,4.18,1.9,8137
Raisel Iglesias,CIN,3,3,28,63,0,76,10.89,3.2,0.59,0.287,80.80%,42.20%,8.30%,96.5,2.49,2.91,2.7,3.25,1.9,17130
David Robertson,- - -,9,2,14,61,0,68.1,12.91,3.03,0.79,0.216,89.40%,47.10%,11.80%,90.8,1.84,2.19,2.57,2.76,1.9,8241
Luis Castillo,CIN,3,7,0,15,15,89.1,9.87,3.22,1.11,0.247,80.10%,58.80%,17.20%,97.4,3.12,2.87,3.74,3.41,1.9,15689
Mike Foltynewicz,ATL,10,13,0,29,28,154,8.36,3.45,1.17,0.324,72.40%,39.40%,11.80%,95.6,4.79,4.77,4.33,4.6,1.8,10811
Joe Smith,- - -,3,0,1,59,0,54,11.83,1.67,0.67,0.328,72.00%,49.60%,10.50%,89.6,3.33,2.52,2.1,2.39,1.8,3281
Sean Doolittle,- - -,2,0,24,53,0,51.1,10.87,1.75,0.88,0.242,70.30%,31.50%,8.10%,94.9,2.81,2.04,2.59,3.47,1.8,1581
Jason Vargas,KCR,18,11,0,32,32,179.2,6.71,2.91,1.35,0.289,77.60%,40.30%,12.10%,86.4,4.16,4.36,4.67,4.94,1.8,8044
Ken Giles,HOU,1,3,34,63,0,62.2,11.92,3.02,0.57,0.29,82.80%,44.00%,7.40%,98.2,2.3,2.52,2.39,3.09,1.8,12910
Blake Snell,TBR,5,7,0,24,24,129.1,8.28,4.11,1.04,0.277,70.90%,43.90%,11.00%,94.6,4.04,3.95,4.19,4.56,1.8,13543
Alex Claudio,TEX,4,2,11,70,1,82.2,6.1,1.63,0.54,0.269,76.50%,66.70%,12.20%,85.4,2.5,2.61,3.21,3.3,1.8,12890
CC Sabathia,NYY,14,5,0,27,27,148.2,7.26,3.03,1.27,0.276,79.00%,49.90%,17.20%,90,3.69,3.98,4.49,4.11,1.8,404
Kenta Maeda,LAD,13,6,1,29,25,134.1,9.38,2.28,1.47,0.278,71.20%,38.10%,15.00%,92,4.22,3.03,4.07,3.89,1.7,18498
Cole Hamels,TEX,11,6,0,24,24,148,6.39,3.22,1.09,0.251,70.20%,47.50%,12.10%,92.2,4.2,4.58,4.62,4.83,1.7,4972
Nick Vincent,SEA,3,3,0,69,0,64.2,6.96,1.81,0.42,0.301,73.40%,31.30%,3.30%,90.3,3.2,3.39,2.82,4.75,1.7,7555
Joakim Soria,KCR,4,3,1,59,0,56,10.29,3.21,0.16,0.329,67.10%,54.80%,2.90%,93.1,3.7,3,2.23,3.08,1.7,6941
Luis Perdomo,SDP,8,11,0,29,29,163.2,6.49,3.57,0.93,0.325,68.30%,61.80%,15.60%,94.4,4.67,4.67,4.4,4.24,1.7,14682
Brad Hand,SDP,3,4,21,72,0,79.1,11.8,2.27,1.02,0.263,89.20%,46.30%,15.00%,93.7,2.16,2.63,3.03,2.9,1.7,9111
Seth Lugo,NYM,7,5,0,19,18,101.1,7.55,2.22,1.15,0.325,68.40%,42.30%,12.00%,91.9,4.71,4.54,3.95,4.18,1.6,12447
Madison Bumgarner,SFG,4,9,0,17,17,111,8.19,1.62,1.38,0.272,82.80%,40.80%,12.90%,91.4,3.32,3.87,3.95,4.07,1.6,5524
Trevor Rosenthal,STL,3,4,11,50,0,47.2,14.35,3.78,0.57,0.337,71.20%,40.80%,9.40%,98.8,3.4,2.73,2.17,2.55,1.6,10745
Brandon Morrow,LAD,6,0,2,45,0,43.2,10.31,1.85,0,0.282,75.60%,45.00%,0.00%,97.6,2.06,2.38,1.55,2.94,1.6,9346
Juan Nicasio,- - -,5,5,6,76,0,72.1,8.96,2.49,0.62,0.276,79.50%,45.60%,7.90%,95.5,2.61,3.12,2.98,3.63,1.6,7731
Blake Parker,LAA,3,3,8,71,0,67.1,11.5,2.14,0.94,0.229,78.40%,47.00%,13.50%,93.8,2.54,2.91,2.71,2.73,1.5,5224
R.A. Dickey,ATL,10,10,0,31,31,190,6.44,3.17,1.23,0.29,73.20%,46.90%,13.20%,83.8,4.26,4.09,4.72,4.79,1.5,1245
Dominic Leone,TOR,3,0,1,65,0,70.1,10.36,2.94,0.77,0.266,79.30%,40.20%,8.20%,94.8,2.56,3.05,2.94,3.68,1.5,13763
Aroldis Chapman,NYY,4,3,22,52,0,50.1,12.34,3.58,0.54,0.296,71.70%,48.70%,7.30%,100.1,3.22,2.61,2.56,3.24,1.5,10233
Brent Suter,MIL,3,2,0,22,14,81.2,7.05,2.42,0.88,0.306,77.20%,45.20%,10.40%,86,3.42,3.89,3.75,4.15,1.5,13942
Jake McGee,COL,0,2,3,62,0,57.1,9.1,2.51,0.63,0.287,70.20%,40.50%,6.50%,95.1,3.61,3.22,2.93,3.95,1.5,7550
Miguel Gonzalez,- - -,8,13,0,27,27,156,5.77,3.17,1.27,0.289,71.00%,36.20%,9.60%,91,4.62,4.93,4.88,5.65,1.5,7024
Bryan Shaw,CLE,4,6,3,79,0,76.2,8.57,2.58,0.59,0.311,66.30%,55.90%,10.60%,93.4,3.52,2.65,2.96,3.2,1.5,8110
David Price,BOS,6,3,0,16,11,74.2,9.16,2.89,0.96,0.278,77.00%,39.90%,9.80%,94,3.37,3.81,3.64,4.2,1.5,3184
Dinelson Lamet,SDP,7,8,0,21,21,114.1,10.94,4.25,1.42,0.261,69.20%,37.10%,14.80%,95.1,4.57,3.57,4.35,4.2,1.4,17186
Adam Wainwright,STL,12,5,0,24,23,123.1,7.01,3.28,1.02,0.326,68.70%,47.20%,12.70%,90.5,5.11,4.24,4.29,4.4,1.4,2233
Antonio Senzatela,COL,10,5,0,36,20,134.2,6.82,3.14,1.2,0.28,69.60%,50.10%,15.80%,94.6,4.68,4.45,4.52,4.28,1.4,15488
Noah Syndergaard,NYM,1,2,0,7,7,30.1,10.09,0.89,0,0.337,57.60%,57.60%,0.00%,99.6,2.97,2.73,1.31,2.48,1.4,11762
Sal Romano,CIN,5,8,0,16,16,87,7.55,3.83,0.93,0.314,69.50%,50.40%,11.70%,95.3,4.45,3.78,4.24,4.47,1.4,13690
Cody Allen,CLE,3,7,30,69,0,67.1,12.3,2.81,1.2,0.304,83.10%,33.50%,11.80%,94.4,2.94,2.96,3.19,3.46,1.4,12183
Joe Biagini,TOR,3,13,1,44,18,119.2,7.3,3.16,1.13,0.305,61.50%,55.70%,15.20%,93.9,5.34,3.92,4.27,4.11,1.4,13194
Blake Treinen,- - -,3,6,16,72,0,75.2,8.8,2.97,0.71,0.344,73.80%,58.40%,12.00%,97.3,3.93,3.78,3.42,3.57,1.4,12572
Luke Weaver,STL,7,2,0,13,10,60.1,10.74,2.54,1.04,0.335,74.40%,49.40%,16.30%,93.4,3.88,3.49,3.17,2.93,1.4,16918
Doug Fister,BOS,5,9,0,18,15,90.1,8.27,3.79,0.9,0.301,63.30%,50.60%,11.80%,89.5,4.88,3.81,3.98,4.18,1.4,9425
Daniel Norris,DET,5,8,0,22,18,101.2,7.61,3.9,1.06,0.343,68.60%,38.80%,9.50%,93.2,5.31,5.27,4.39,5.06,1.4,13475
Fernando Rodney,ARI,5,4,39,61,0,55.1,10.57,4.23,0.49,0.274,61.10%,52.20%,7.00%,95.4,4.23,2.8,3.03,3.71,1.3,494
Mike Montgomery,CHC,7,8,3,44,14,130.2,6.89,3.79,0.69,0.253,75.00%,57.80%,10.60%,92.4,3.38,3.68,4.07,4.35,1.3,4869
Edubray Ramos,PHI,2,7,0,59,0,57.2,11.71,4.37,0.62,0.356,70.50%,37.30%,7.40%,94.6,4.21,3.89,2.91,3.68,1.3,16086
Chris Devenski,HOU,8,5,4,62,0,80.2,11.16,2.9,1.23,0.22,83.10%,39.80%,13.60%,94.1,2.68,2.71,3.49,3.51,1.3,12763
Jake Faria,TBR,5,4,0,16,14,86.2,8.72,3.22,1.14,0.265,78.60%,38.30%,11.70%,91.9,3.43,4.04,4.12,4.39,1.3,13699
Nick Pivetta,PHI,8,10,0,26,26,133,9.47,3.86,1.69,0.332,67.10%,43.80%,18.20%,94.6,6.02,4.8,4.87,4.26,1.3,15454
Luis Garcia,PHI,2,5,2,66,0,71.1,7.57,3.28,0.38,0.282,78.50%,56.30%,5.70%,97.4,2.65,3.22,3.12,3.89,1.3,6984
Rafael Montero,NYM,5,11,0,34,18,119,8.62,5.07,0.91,0.366,70.30%,48.10%,10.50%,94.4,5.52,4.3,4.37,4.76,1.3,12760
Jesse Hahn,OAK,3,6,0,14,13,69.2,7.11,3.49,0.52,0.326,60.50%,45.60%,6.10%,74.8,5.3,4.39,3.62,4.56,1.2,13287
Lance Lynn,STL,11,8,0,33,33,186.1,7.39,3.77,1.3,0.244,79.00%,44.00%,14.20%,92.5,3.43,4.04,4.82,4.75,1.2,2520
Ty Blach,SFG,8,12,0,34,24,163.2,4.01,2.36,0.93,0.29,66.30%,46.70%,9.60%,90.3,4.78,4.61,4.42,5.01,1.2,14361
Mychal Givens,BAL,8,1,0,69,0,78.2,10.07,2.86,1.14,0.251,86.30%,42.60%,12.70%,95.6,2.75,3.37,3.72,3.85,1.2,10430
Scott Alexander,KCR,5,4,4,58,0,69,7.7,3.65,0.39,0.306,78.10%,73.80%,14.30%,,2.48,3.32,3.23,3.21,1.2,10591
Dellin Betances,NYY,3,6,10,66,0,59.2,15.08,6.64,0.45,0.252,80.20%,48.60%,7.50%,98.3,2.87,2.87,3.22,3.76,1.2,6216
Alex Colome,TBR,2,3,47,65,0,66.2,7.83,3.11,0.54,0.275,72.40%,48.70%,6.20%,95.3,3.24,2.93,3.37,4.32,1.2,6661
Jordan Zimmermann,DET,8,13,0,29,29,160,5.79,2.47,1.63,0.33,67.20%,33.20%,12.50%,92.3,6.07,5.52,5.18,5.41,1.2,4505
Randall Delgado,ARI,1,2,1,26,5,62.2,8.62,2.01,0.86,0.302,65.50%,45.90%,10.50%,94.1,3.59,3.22,3.16,3.53,1.2,5985
Adam Warren,NYY,3,2,1,46,0,57.1,8.48,2.35,0.63,0.208,70.50%,43.70%,6.80%,92.9,2.35,3.1,3.02,3.94,1.2,9029
Johnny Cueto,SFG,8,8,0,25,25,147.1,8.31,3.24,1.34,0.322,75.70%,39.40%,14.00%,91.7,4.52,5.31,4.49,4.45,1.2,6893
Brad Brach,BAL,4,5,18,67,0,68,9.26,3.44,0.93,0.256,74.40%,42.40%,10.10%,95.1,3.18,3.73,3.58,4.05,1.2,6627
Hector Neris,PHI,4,5,26,74,0,74.2,10.37,3.13,1.08,0.306,84.70%,32.70%,10.30%,94.8,3.01,3.87,3.71,4.21,1.1,11804
Tommy Hunter,TBR,3,5,1,61,0,58.2,9.82,2.15,0.92,0.259,80.60%,44.20%,11.80%,97,2.61,2.32,3.07,3.29,1.1,1157
Wade Davis,CHC,4,2,32,59,0,58.2,12.12,4.3,0.92,0.262,87.70%,40.50%,12.00%,94.8,2.3,3.49,3.38,3.57,1.1,7441
Kendall Graveman,OAK,6,4,0,19,19,105.1,5.98,2.73,1.03,0.313,75.10%,51.20%,12.00%,93.5,4.19,5,4.33,4.54,1.1,15514
Sean Newcomb,ATL,4,9,0,19,19,100,9.72,5.13,0.9,0.327,75.20%,43.80%,10.90%,94,4.32,4.7,4.19,4.52,1.1,16943
Chris Rusin,COL,5,1,2,60,0,85,7.52,2.01,0.95,0.277,78.20%,58.50%,15.30%,91.6,2.65,3.07,3.64,3.5,1.1,9895
Tyler Anderson,COL,6,6,0,17,15,86,8.48,2.72,1.67,0.304,72.60%,43.70%,19.50%,92.1,4.81,4.01,4.67,3.95,1.1,12880
Justin Wilson,- - -,4,4,13,65,0,58,12.41,5.43,0.78,0.276,76.80%,37.40%,8.60%,96,3.41,3.14,3.38,4.04,1.1,4301
Jeff Hoffman,COL,6,5,0,23,16,99.1,7.43,3.62,1.36,0.304,65.10%,41.10%,11.80%,94.7,5.89,4.51,4.8,5.11,1.1,17432
Greg Holland,COL,3,6,41,61,0,57.1,10.99,4.08,1.1,0.252,75.20%,41.60%,11.30%,93.5,3.61,3.1,3.72,4.05,1.1,7196
Collin McHugh,HOU,5,2,0,12,12,63.1,8.81,2.84,0.99,0.311,77.70%,32.80%,8.60%,90.4,3.55,4.33,3.82,4.66,1.1,7531
Tyler Chatwood,COL,8,15,1,33,25,147.2,7.31,4.69,1.22,0.283,73.00%,58.10%,22.00%,95,4.69,4.58,4.94,4.27,1.1,4338
Brett Cecil,STL,2,4,1,73,0,67.1,8.82,2.14,0.94,0.319,71.00%,42.70%,10.60%,92.1,3.88,2.76,3.26,3.65,1.1,2660
Josh Hader,MIL,2,3,0,35,0,47.2,12.84,4.15,0.76,0.233,88.10%,34.40%,8.70%,94.5,2.08,2.65,3.03,3.66,1.1,14212
Erasmo Ramirez,- - -,5,6,1,37,19,131.1,7.47,2.12,1.51,0.269,68.70%,43.30%,14.70%,91.9,4.39,4.21,4.43,4.28,1,10314
David Hernandez,- - -,3,1,2,64,0,55,8.51,1.47,0.65,0.297,72.50%,43.00%,6.60%,94,3.11,3.17,2.76,3.79,1,4259
Tyler Lyons,STL,4,1,3,50,0,54,11.33,3.33,0.5,0.295,79.30%,41.90%,6.50%,90.4,2.83,3.57,2.86,3.65,1,11334
Ryan Tepera,TOR,7,1,2,73,0,77.2,9.39,3.59,0.81,0.26,70.80%,41.60%,8.80%,95.2,3.59,3.52,3.75,4.41,1,10291
Pedro Strop,CHC,5,4,0,69,0,60.1,9.7,3.88,0.6,0.27,76.00%,59.20%,8.70%,96.2,2.83,2.84,3.31,3.8,1,4070
Julio Teheran,ATL,11,13,0,32,32,188.1,7.22,3.44,1.48,0.281,73.10%,40.00%,13.70%,91.8,4.49,4.42,4.95,4.96,1,6797
Kyle Gibson,MIN,12,10,0,29,29,158,6.89,3.42,1.37,0.328,72.30%,50.80%,18.30%,92.7,5.07,5.42,4.85,4.35,1,10123
Michael Pineda,NYY,8,4,0,17,17,96.1,8.6,1.96,1.87,0.302,72.40%,50.90%,22.50%,93.9,4.39,3.92,4.66,3.61,1,5372
JC Ramirez,LAA,11,10,0,27,24,147.1,6.41,2.99,1.28,0.292,75.60%,51.40%,15.20%,95.3,4.15,4.93,4.71,4.52,1,8302
Carl Edwards Jr.,CHC,5,4,0,73,0,66.1,12.75,5.16,0.81,0.192,78.30%,44.40%,13.30%,95.5,2.98,2.93,3.4,3.43,1,13607
Matt Barnes,BOS,7,3,1,70,0,69.2,10.72,3.62,0.9,0.298,72.20%,48.90%,14.30%,95.3,3.88,3.17,3.33,3.27,1,12863
Adalberto Mejia,MIN,4,7,0,21,21,98,7.81,4.04,1.19,0.328,76.00%,39.30%,11.20%,92.6,4.5,5.03,4.65,5.03,1,13188
Matt Moore,SFG,6,15,0,32,31,174.1,7.64,3.46,1.39,0.32,66.90%,37.70%,11.60%,92.3,5.52,5.75,4.75,5.1,1,1890
Parker Bridwell,LAA,10,3,0,21,20,121,5.43,2.23,1.41,0.262,79.20%,38.10%,12.30%,92.7,3.64,5.27,4.84,5.07,1,11502
Liam Hendriks,OAK,4,2,1,70,0,64,10.97,3.23,0.98,0.303,65.50%,41.50%,10.40%,95.2,4.22,3.68,3.22,3.66,1,3548
Brandon Kintzler,- - -,4,3,29,72,0,71.1,4.92,2.02,0.63,0.271,76.90%,54.90%,8.30%,,3.03,3.65,3.77,4.36,1,9939
Matt Albers,WSN,7,2,2,63,0,61,9.3,2.51,0.89,0.203,92.40%,51.00%,13.60%,94,1.62,2.42,3.4,3.41,1,4300
Edwin Diaz,SEA,4,6,34,66,0,66,12.14,4.36,1.36,0.236,78.50%,39.10%,14.30%,97.7,3.27,2.5,4.02,3.94,0.9,14710
Jakob Junis,KCR,9,3,0,20,16,98.1,7.32,2.29,1.37,0.294,72.80%,40.10%,12.30%,91.6,4.3,5.1,4.55,4.77,0.9,13619
Joe Musgrove,HOU,7,8,2,38,15,109.1,8.07,2.3,1.48,0.315,72.70%,44.90%,16.40%,93.4,4.77,4.06,4.38,4.03,0.9,12970
Ben Lively,PHI,4,7,0,15,15,88.2,5.28,2.44,1.32,0.28,74.20%,38.20%,10.40%,91.6,4.26,4.27,4.97,5.58,0.9,14932
Jerry Blevins,NYM,6,0,1,75,0,49,12.67,4.41,0.73,0.336,84.10%,41.00%,8.90%,89.5,2.94,2.58,3.12,3.69,0.9,7841
Edinson Volquez,MIA,4,8,0,17,17,92.1,7.9,5.17,0.78,0.278,71.70%,45.80%,9.90%,93.9,4.19,4.87,4.35,4.78,0.9,3990
Addison Reed,- - -,2,3,19,77,0,76,9,1.78,1.3,0.266,86.90%,40.80%,12.50%,92.8,2.84,3.73,3.67,3.85,0.9,10586
Alex Meyer,LAA,4,5,0,13,13,67.1,10.02,5.61,0.8,0.255,74.80%,46.50%,11.30%,96.2,3.74,4.3,4.14,4.38,0.9,12833
Matt Garza,MIL,6,9,0,24,22,114.2,6.2,3.53,1.33,0.287,66.30%,40.00%,12.30%,92.4,4.94,4.54,4.91,5.12,0.9,3340
Wade Miley,BAL,8,15,0,32,32,157.1,8.12,5.32,1.43,0.332,71.40%,50.30%,19.40%,91.6,5.61,5.6,5.27,4.66,0.9,8779
Keone Kela,TEX,4,1,2,39,0,38.2,11.87,3.96,0.93,0.179,78.90%,30.50%,8.50%,96.6,2.79,2.84,3.26,4.08,0.8,14696
Darren O'Day,BAL,2,3,2,64,0,60.1,11.34,3.58,1.19,0.256,77.50%,47.80%,15.70%,88.1,3.43,3.19,3.7,3.48,0.8,3321
Brett Anderson,- - -,4,4,0,13,13,55.1,6.18,3.42,0.81,0.364,60.90%,49.20%,11.90%,91.5,6.34,5.9,4.1,4.27,0.8,8223
Scott Oberg,COL,0,1,0,66,0,58.1,8.49,3.7,0.62,0.367,67.50%,57.10%,9.30%,96.6,4.94,3.73,3.5,3.92,0.8,13911
Emilio Pagan,SEA,2,3,0,34,0,50.1,10.01,1.43,1.25,0.258,73.30%,22.30%,9.50%,93.9,3.22,2.44,3.28,4.08,0.8,14771
Tyler Skaggs,LAA,2,6,0,16,16,85,8.05,2.96,1.38,0.318,73.70%,41.80%,14.10%,92.1,4.55,4.9,4.56,4.49,0.8,10190
Will Harris,HOU,3,2,2,46,0,45.1,10.32,1.39,1.39,0.27,84.80%,48.30%,17.10%,,2.98,2.34,3.33,2.94,0.8,3192
Francisco Liriano,- - -,6,7,0,38,18,97,7.89,4.92,1.02,0.329,65.50%,44.90%,10.80%,92.6,5.66,4.9,4.64,5.04,0.8,3201
Scott Feldman,CIN,7,7,0,21,21,111.1,7.52,2.83,1.7,0.3,74.50%,42.80%,21.40%,89,4.77,4.96,5.04,4.16,0.8,6283
Brian Duensing,CHC,1,1,0,68,0,62.1,8.81,2.6,0.87,0.306,84.80%,48.60%,10.30%,92.6,2.74,2.96,3.41,3.82,0.8,4064
Hunter Strickland,SFG,4,3,1,68,0,61.1,8.51,4.26,0.59,0.314,82.90%,38.80%,5.10%,96.1,2.64,4.36,3.63,5.07,0.8,7836
Trevor Hildenberger,MIN,3,3,1,37,0,42,9.43,1.29,0.86,0.304,77.80%,58.80%,14.80%,91.7,3.21,2.73,3.01,2.92,0.8,17002
Homer Bailey,CIN,6,9,0,18,18,91,6.63,4.15,1.09,0.346,64.80%,44.60%,13.10%,93.7,6.43,5.94,4.9,4.98,0.8,8362
Shane Greene,DET,4,3,9,71,0,67.2,9.71,4.52,0.8,0.265,84.20%,47.40%,10.20%,95.9,2.66,3.92,3.84,4.24,0.7,10756
Blake Wood,- - -,3,4,0,72,0,74.1,10.17,4,0.97,0.369,64.60%,52.10%,15.10%,96.2,5.45,3.62,3.67,3.54,0.7,1345
Michael Lorenzen,CIN,8,4,2,70,0,83,8.67,3.69,0.98,0.295,70.60%,54.60%,15.00%,96.8,4.45,3.73,4.01,3.89,0.7,14843
Matt Bush,TEX,3,4,10,57,0,52.1,9.97,3.27,1.2,0.329,71.20%,37.30%,10.30%,97.7,3.78,3.89,4,4.57,0.7,1246
Brandon Maurer,- - -,3,6,22,68,0,59.1,8.95,2.88,1.21,0.361,61.10%,38.50%,12.10%,96.8,6.52,4.73,3.93,4.16,0.7,4878
Matt Bowman,STL,3,6,2,75,0,58.2,7.06,2.76,0.61,0.276,66.30%,54.60%,8.00%,91.3,3.99,3.14,3.65,4.28,0.7,13528
Joe Kelly,BOS,4,1,0,54,0,58,8.07,4.19,0.47,0.252,77.50%,50.60%,7.30%,99.1,2.79,3.95,3.49,4.07,0.7,9761
Sam Freeman,ATL,2,0,0,58,0,60,8.85,4.05,0.45,0.278,79.90%,58.50%,7.00%,95.6,2.55,3.34,3.34,3.97,0.7,6832
Chris Stratton,SFG,4,4,1,13,10,58.2,7.82,4.3,0.77,0.316,77.80%,42.80%,10.00%,91.8,3.68,4.73,4.01,4.42,0.7,13761
Andrew Chafin,ARI,1,0,0,71,0,51.1,10.69,3.68,0.88,0.326,78.10%,56.30%,16.70%,93.7,3.51,3.6,3.39,3.16,0.7,12988
Steve Cishek,- - -,3,2,1,49,0,44.2,8.26,2.82,0.6,0.204,85.10%,56.10%,10.00%,90.6,2.01,3.03,3.34,3.66,0.7,6483
Odrisamer Despaigne,MIA,2,3,1,18,8,58.1,4.78,3.7,0.46,0.28,66.40%,37.60%,4.00%,92.5,4.01,5.03,4.15,5.77,0.7,16017
Arodys Vizcaino,ATL,5,3,14,62,0,57.1,10.05,3.3,1.1,0.248,83.30%,38.50%,10.40%,98.1,2.83,3.57,3.72,4.21,0.7,5498
Chase Whitley,TBR,2,1,2,41,0,57.1,6.75,2.51,0.63,0.256,61.90%,32.80%,5.30%,90.2,4.08,4.12,3.56,5.01,0.6,10982
Tyler Duffey,MIN,2,3,1,56,0,71,8.49,2.28,1.14,0.326,66.70%,49.50%,13.00%,92.2,4.94,4.48,3.72,3.8,0.6,13758
Nick Goody,CLE,1,2,0,56,0,54.2,11.85,3.29,1.15,0.269,80.50%,28.20%,11.70%,91.9,2.8,3.37,3.45,3.74,0.6,13685
Jacob Barnes,MIL,3,4,2,73,0,72,10,4.13,1,0.272,70.90%,53.30%,16.00%,97.1,4,3.19,3.88,3.67,0.6,12323
Carlos Rodon,CHW,2,5,0,12,12,69.1,9.87,4.02,1.56,0.297,77.60%,44.10%,19.00%,93.6,4.15,4.48,4.69,4.05,0.6,16137
Zack Britton,BAL,2,1,15,38,0,37.1,6.99,4.34,0.24,0.336,80.90%,72.60%,11.10%,96.7,2.89,3.52,3.4,3.48,0.6,3240
Luis Avilan,LAD,2,3,0,61,0,46,10.17,4.3,0.39,0.342,78.80%,53.80%,8.00%,92.7,2.93,3.6,2.96,3.36,0.6,2882
Eddie Butler,CHC,4,3,0,13,11,54.2,4.94,4.61,0.66,0.266,75.30%,44.30%,6.90%,93.5,3.95,5.9,4.66,5.59,0.6,13453
Kyle Barraclough,MIA,6,2,1,66,0,66,10.36,5.18,0.68,0.291,79.10%,43.00%,8.90%,95.1,3,3.32,3.66,4.18,0.6,13713
Robert Gsellman,NYM,8,7,0,25,22,119.2,6.17,3.16,1.28,0.303,62.70%,49.30%,14.40%,93.6,5.19,4.83,4.89,4.79,0.6,13696
Ricky Nolasco,LAA,6,15,0,33,33,181,7.11,2.88,1.74,0.31,75.60%,40.10%,15.60%,91.2,4.92,5.9,5.1,4.79,0.6,3830
Andrew Triggs,OAK,5,6,0,12,12,65.1,6.89,2.62,1.24,0.294,62.50%,49.80%,13.20%,,4.27,4.15,4.47,4.53,0.6,13533
Drew Steckenrider,MIA,1,1,1,37,0,34.2,14.02,4.67,1.04,0.347,82.50%,41.80%,13.30%,95.6,2.34,3.49,3.1,3.14,0.6,18806
Reynaldo Lopez,CHW,3,3,0,8,8,47.2,5.66,2.64,1.32,0.271,64.60%,30.20%,9.00%,94.8,4.72,4.39,4.75,5.75,0.6,16400
Gregory Infante,CHW,2,1,0,52,0,54.2,8.07,3.29,0.66,0.272,76.90%,36.10%,6.30%,95.8,3.13,3.52,3.58,4.71,0.6,9119
Paul Blackburn,OAK,3,1,0,10,10,58.2,3.37,2.45,0.77,0.273,77.90%,56.30%,10.20%,90.7,3.22,4.45,4.38,4.76,0.6,14739
Cam Bedrosian,LAA,6,5,6,48,0,44.2,10.68,3.43,1.01,0.313,62.70%,42.90%,10.40%,94,4.43,3.81,3.38,3.84,0.6,13360
Koji Uehara,CHC,3,4,2,49,0,43,10.47,2.51,1.47,0.284,72.10%,24.60%,12.30%,87.2,3.98,4.33,3.79,4.03,0.6,9227
Paul Sewald,NYM,0,6,0,57,0,65.1,9.51,2.89,1.1,0.287,65.00%,32.20%,9.90%,91.9,4.55,3.76,3.74,4.35,0.6,13892
Bud Norris,LAA,2,6,19,60,3,62,10.74,3.92,1.16,0.31,76.20%,44.80%,16.00%,94.3,4.21,3.73,3.9,3.66,0.6,9492
Hyun-Jin Ryu,LAD,5,9,1,25,24,126.2,8.24,3.2,1.56,0.299,81.40%,45.10%,18.60%,90.5,3.77,4.51,4.74,4.14,0.6,14444
Daniel Mengden,OAK,3,2,0,7,7,43,6.07,1.88,1.26,0.24,79.20%,39.20%,11.10%,92.2,3.14,4.3,4.25,4.67,0.6,16980
Aaron Loup,TOR,2,3,0,70,0,57.2,9.99,4.53,0.62,0.34,75.80%,53.50%,9.50%,87.8,3.75,3.22,3.66,4.05,0.6,10343
Austin Pruitt,TBR,7,5,1,30,8,83,7.16,2.39,1.19,0.345,65.40%,47.70%,12.50%,91.7,5.31,4.24,4.27,4.43,0.6,15290
John Lackey,CHC,12,12,0,31,30,170.2,7.86,2.79,1.9,0.268,76.30%,41.20%,18.20%,91.5,4.59,4.7,5.3,4.62,0.6,1507
David Phelps,- - -,4,5,0,54,0,55.2,10.02,4.2,0.81,0.319,77.50%,45.20%,11.60%,94.7,3.4,4.06,3.55,3.76,0.6,6316
Matt Belisle,MIN,2,2,9,62,0,60.1,8.06,3.28,1.04,0.253,65.90%,40.70%,10.90%,91,4.03,3.32,4.07,4.45,0.6,1837
Tony Barnette,TEX,2,1,2,50,0,57.1,8.95,3.45,1.1,0.348,66.50%,41.20%,11.30%,93.2,5.49,3.95,4.01,4.35,0.6,3555
Ross Stripling,LAD,3,5,2,49,2,74.1,8.96,2.3,1.21,0.294,77.00%,49.30%,16.70%,92.9,3.75,3.17,3.68,3.37,0.6,13273
Joe Ross,WSN,5,3,0,13,13,73.2,8.31,2.44,1.95,0.33,75.10%,37.50%,18.80%,,5.01,5,4.99,4.22,0.5,12972
Oliver Drake,- - -,3,5,1,64,0,56,9.96,4.02,0.96,0.361,71.60%,48.80%,14.30%,92.2,4.66,4.7,3.68,3.62,0.5,8823
Brandon Woodruff,MIL,2,3,0,8,8,43,6.7,2.93,1.05,0.292,69.80%,47.40%,11.10%,94.6,4.81,4.01,4.37,4.72,0.5,16162
Anibal Sanchez,DET,3,7,0,28,17,105.1,8.89,2.48,2.22,0.354,67.10%,35.60%,19.30%,91,6.41,4.83,5.33,4.4,0.5,3284
Andrew Albers,SEA,5,1,1,9,6,41,8.12,2.2,1.32,0.301,70.80%,33.60%,11.80%,88.2,3.51,4.21,4.13,4.44,0.5,7853
Robert Stephenson,CIN,5,6,1,25,11,84.2,9.14,5.63,1.28,0.3,70.50%,37.50%,12.60%,94,4.68,5.45,4.92,5.07,0.5,13594
Wei-Yin Chen,MIA,2,1,0,9,5,33,6.82,2.45,0.82,0.234,68.20%,36.60%,7.30%,91.4,3.82,3.12,3.73,4.76,0.5,13071
James Hoyt,HOU,1,0,0,43,0,49.1,12.04,2.55,1.28,0.361,75.20%,40.60%,15.20%,93.5,4.38,3.7,3.3,3.11,0.5,14605
Heath Hembree,BOS,2,3,0,62,0,62,10.16,2.61,1.45,0.36,80.50%,38.90%,13.70%,95.7,3.63,4.39,3.92,3.91,0.5,11632
Jonathan Holder,NYY,1,1,0,37,0,39.1,9.15,1.83,1.14,0.348,79.60%,42.00%,10.60%,92.5,3.89,4.04,3.62,4.09,0.5,16588
George Kontos,- - -,1,6,1,65,0,66.1,9.5,2.71,1.22,0.291,78.90%,46.70%,14.80%,91.4,3.39,3.17,3.72,3.59,0.5,9486
Matt Andriese,TBR,5,5,1,18,17,86,7.95,2.93,1.67,0.296,74.30%,44.90%,17.40%,92.3,4.5,4.83,4.93,4.41,0.5,12022
Brad Ziegler,MIA,1,4,10,53,0,47,4.98,3.06,0.19,0.346,64.40%,64.20%,4.00%,72.9,4.79,3.76,3.73,4.4,0.5,7293
Alex Wilson,DET,2,5,2,66,0,60,6.3,2.25,1.05,0.311,67.80%,41.60%,10.00%,93.2,4.5,4.36,4.17,4.73,0.5,9239
Gabriel Ynoa,BAL,2,3,0,9,4,34.2,6.75,2.08,1.3,0.318,75.60%,38.20%,9.40%,94.1,4.15,5.38,4.31,5.16,0.5,12938
Jared Hughes,MIL,5,3,1,67,0,59.2,7.24,3.62,0.6,0.278,79.00%,62.20%,12.90%,94.5,3.02,4.27,3.93,3.98,0.5,9325
Enny Romero,WSN,2,4,2,53,0,55.2,10.51,3.72,1.13,0.327,77.20%,39.00%,10.80%,98.1,3.56,4.09,3.86,4.3,0.5,4001
Wandy Peralta,CIN,3,4,0,69,0,64.2,7.93,3.34,1.11,0.26,74.90%,54.20%,15.10%,96.8,3.76,2.93,4.16,4.01,0.4,14295
Chad Bettis,COL,2,4,0,9,9,46.1,5.83,2.14,1.55,0.293,70.10%,48.40%,16.00%,90.2,5.05,4.09,4.88,4.56,0.4,10587
Mark Melancon,SFG,1,2,11,32,0,30,8.7,1.8,0.9,0.374,70.40%,52.70%,12.50%,,4.5,3.49,3.22,3.35,0.4,4264
Nathan Karns,KCR,2,2,0,9,8,45.1,10.12,2.58,1.79,0.283,80.60%,49.60%,19.60%,93.4,4.17,3.87,4.48,3.71,0.4,12638
Zach McAllister,CLE,2,2,0,50,0,62,9.58,3.05,1.16,0.294,89.30%,35.80%,11.80%,95.6,2.61,4.27,3.77,4.04,0.4,2895
Dan Otero,CLE,3,0,0,52,0,60,5.7,1.35,0.9,0.302,77.00%,63.50%,26.10%,90.6,2.85,4.01,3.64,3.02,0.4,7385
Danny Farquhar,- - -,4,2,0,52,0,49.1,8.21,5.11,0.55,0.267,71.90%,41.70%,5.10%,93.4,4.2,3.27,4.07,5.41,0.4,8501
Oliver Perez,WSN,0,0,1,50,0,33,10.64,3.27,1.09,0.333,73.10%,33.00%,9.30%,93,4.64,4.09,3.82,4.57,0.4,1514
Peter Moylan,KCR,0,0,0,79,0,59.1,6.98,3.79,0.61,0.221,68.30%,61.10%,10.50%,,3.49,3.19,4,4.26,0.4,4891
Kirby Yates,- - -,4,5,1,62,0,56.2,13.98,3.02,1.91,0.291,76.80%,28.90%,17.60%,94,3.97,2.93,3.92,3.3,0.4,9073
Michael Feliz,HOU,4,2,0,46,0,48,13.13,4.13,1.5,0.381,69.00%,31.00%,15.10%,96.3,5.63,4.21,3.78,3.58,0.4,11903
Blaine Boyer,BOS,1,1,0,32,0,41.1,7.19,3.05,0.65,0.37,74.00%,34.10%,6.50%,94.1,4.35,4.15,3.59,4.63,0.4,2237
Bartolo Colon,- - -,7,14,0,28,28,143,5.6,2.2,1.76,0.331,61.40%,41.80%,14.10%,90.2,6.48,5.31,5.21,5.14,0.4,375
Nick Wittgren,MIA,3,1,0,38,0,42.1,9.14,2.76,1.06,0.339,71.20%,33.30%,9.30%,92.9,4.68,4.61,3.58,4.32,0.4,15594
Adam Morgan,PHI,3,3,0,37,0,54.2,10.37,2.96,1.65,0.297,80.00%,45.60%,20.00%,94.4,4.12,3.68,4.22,3.47,0.4,12580
Jose Alvarez,LAA,0,3,1,64,0,48.2,8.32,2.22,1.29,0.309,74.70%,38.90%,13.20%,91.8,3.88,3.73,3.92,3.99,0.4,5358
Carlos Estevez,COL,5,0,0,35,0,32.1,8.63,3.9,0.84,0.36,66.30%,45.10%,11.10%,97.2,5.57,4.39,3.84,4.12,0.4,14542
Taylor Rogers,MIN,7,3,0,69,0,55.2,7.92,3.4,0.97,0.291,82.80%,45.00%,12.20%,93.6,3.07,5.07,4.09,4.26,0.4,13449
Matt Grace,WSN,1,0,2,40,1,50,5.58,3.24,0.54,0.294,68.90%,61.10%,9.40%,,4.32,3.89,3.96,4.32,0.4,11449
Felix Hernandez,SEA,6,5,0,16,16,86.2,8.1,2.7,1.77,0.286,76.40%,46.90%,22.40%,91.2,4.36,5.56,5.02,4.03,0.3,4772
AJ Ramos,- - -,2,4,27,61,0,58.2,11.05,5.22,1.07,0.294,77.10%,40.10%,12.10%,92.6,3.99,3.89,4.1,4.3,0.3,8350
Buck Farmer,DET,5,5,0,11,11,48,9.19,3.75,1.69,0.336,61.70%,32.40%,13.20%,92,6.75,3.84,5.05,5.14,0.3,14814
Tony Zych,SEA,6,3,1,45,0,40.2,7.75,4.65,0.44,0.255,82.70%,49.50%,6.10%,94.3,2.66,3.98,3.99,4.8,0.3,12876
Hector Rondon,CHC,4,1,0,61,0,57.1,10.83,3.14,1.57,0.292,71.90%,48.30%,19.60%,96.8,4.24,3.92,4.12,3.43,0.3,2391
Lucas Giolito,CHW,3,3,0,7,7,45.1,6.75,2.38,1.59,0.189,92.00%,45.00%,17.80%,92.7,2.38,4.01,4.94,4.42,0.3,15474
Fernando Abad,BOS,2,1,1,48,0,43.2,7.63,2.89,0.82,0.286,74.90%,45.00%,8.70%,91.4,3.3,3.42,3.68,4.37,0.3,4994
Steven Brault,PIT,1,0,1,11,4,34.2,5.97,3.63,0.78,0.317,68.20%,41.70%,6.50%,92.2,4.67,4.73,4.34,5.58,0.3,15291
James Pazos,SEA,4,5,0,59,0,53.2,10.9,4.02,1.17,0.317,71.20%,51.00%,17.90%,95.9,3.86,3.32,4.05,3.65,0.3,13323
Jeremy Hellickson,- - -,8,11,0,30,30,164,5.27,2.58,1.92,0.246,66.30%,34.90%,15.10%,90.2,5.43,5.13,5.77,5.51,0.3,4371
Dillon Gee,- - -,3,2,1,18,4,49.1,7.48,2.74,1.46,0.319,79.30%,41.20%,13.60%,91.1,3.47,4.61,4.76,4.78,0.3,7396
Steven Matz,NYM,2,7,0,13,13,66.2,6.48,2.57,1.62,0.329,66.90%,47.10%,17.10%,93.9,6.08,5.2,5.05,4.58,0.3,13361
Fernando Salas,- - -,2,2,0,61,0,58.2,8.59,3.38,1.07,0.337,63.10%,47.50%,10.80%,91.6,5.22,4.24,3.92,4.34,0.3,4971
Jose Leclerc,TEX,2,3,2,47,0,45.2,11.82,7.88,0.79,0.204,74.50%,39.60%,8.30%,95.9,3.94,3.14,4.49,5.22,0.3,14524
Cory Gearrin,SFG,4,3,0,68,0,68,8.47,4.63,0.53,0.263,88.00%,48.00%,6.90%,84.3,1.99,3.24,3.89,4.65,0.3,7947
Matt Cain,SFG,3,11,0,27,23,124.1,5.43,3.55,1.3,0.328,67.30%,42.50%,12.20%,89.9,5.43,5.6,5.06,5.3,0.3,4732
Asher Wojciechowski,CIN,4,3,0,25,8,62.1,9.24,2.74,2.02,0.322,62.30%,29.10%,15.10%,92.8,6.5,4.09,5.18,4.91,0.3,10836
Sergio Romo,- - -,3,1,0,55,0,55.2,9.54,3.07,1.46,0.243,78.90%,37.20%,14.50%,86.5,3.56,3.37,4.22,4.1,0.3,9817
Josh Fields,LAD,5,0,2,57,0,57,9.47,2.37,1.58,0.219,88.10%,29.70%,14.10%,95.5,2.84,3.32,4.18,4.11,0.3,5070
Trevor Cahill,- - -,4,3,0,21,14,84,9.32,4.82,1.71,0.326,76.30%,55.60%,25.00%,92.2,4.93,4.24,5.28,4.16,0.3,6249
Jarlin Garcia,MIA,1,2,0,68,0,53.1,7.09,2.87,1.01,0.263,65.40%,39.00%,9.20%,94.6,4.73,4.18,4.23,4.93,0.3,18282
Mark Leiter,PHI,3,6,0,27,11,90.2,8.34,3.08,1.79,0.282,67.10%,48.90%,21.70%,91.3,4.96,4.96,5.14,4.19,0.3,15551
Zack Wheeler,NYM,3,7,0,17,17,86.1,8.44,4.17,1.56,0.332,73.10%,47.50%,19.50%,95.4,5.21,4.87,5.03,4.36,0.2,10310
Francis Martes,HOU,5,2,0,32,4,54.1,11.43,5.13,1.16,0.328,62.30%,42.60%,14.00%,95.7,5.8,4.67,4.45,4.41,0.2,17303
Jeff Locke,MIA,0,5,0,7,7,32,7.31,4.22,1.12,0.355,52.50%,46.80%,10.80%,91.1,8.16,5.24,4.56,5,0.2,2929
Chris O'Grady,MIA,2,1,0,13,6,33,8.18,4.91,1.09,0.315,77.60%,34.00%,10.30%,87.6,4.36,5.82,4.64,5.17,0.2,13818
Alec Asher,BAL,2,5,0,24,6,60,7.05,3.45,1.5,0.287,71.40%,38.90%,12.80%,90.9,5.25,4.33,5.26,5.4,0.2,13560
Joaquin Benoit,- - -,1,6,2,52,0,50.1,8.23,3.93,1.25,0.263,67.60%,33.30%,10.00%,94.8,4.65,3.84,4.51,5.17,0.2,1437
Nick Martinez,TEX,3,8,0,23,18,111.1,5.42,2.26,2.1,0.276,68.00%,41.60%,18.60%,92.5,5.66,4.83,5.8,5,0.2,12730
Matt Shoemaker,LAA,6,3,0,14,14,77.2,8,3.24,1.74,0.276,76.20%,38.50%,14.60%,91.9,4.52,4.83,5.13,4.98,0.2,4776
Sam Tuivailala,STL,3,3,0,37,0,42.1,7.23,2.34,0.85,0.258,84.90%,48.80%,10.30%,95.9,2.55,3.62,3.7,4.11,0.2,13485
Vince Velasquez,PHI,2,7,0,15,15,72,8.5,4.25,1.88,0.303,74.40%,42.50%,20.80%,94.2,5.13,5.67,5.52,4.59,0.2,11189
Kevin McCarthy,KCR,1,0,0,33,0,45,5.4,2.6,0.8,0.303,69.70%,54.20%,9.50%,93.6,3.2,4.36,3.98,4.48,0.2,15240
Chasen Bradford,NYM,2,0,0,28,0,33.2,7.22,3.48,0.8,0.27,67.00%,55.90%,10.00%,91.4,3.74,3.7,3.87,4.3,0.2,12452
Danny Barnes,TOR,3,6,0,60,0,66,8.45,3.27,1.5,0.222,81.60%,32.20%,12.00%,92.1,3.55,3.1,4.58,4.89,0.2,11388
Wade LeBlanc,PIT,5,2,1,50,0,68,7.15,2.25,1.32,0.269,69.10%,45.90%,15.40%,87.6,4.5,4.73,4.28,4.06,0.2,5221
Dillon Peters,MIA,1,2,0,6,6,31.1,7.76,5.46,0.86,0.33,71.70%,63.30%,15.80%,91.6,5.17,4.8,4.69,4.52,0.2,18790
Richard Bleier,BAL,2,1,0,57,0,63.1,3.69,1.85,0.85,0.259,79.30%,68.80%,14.00%,89.3,1.99,3.22,4.37,4.35,0.2,7803
Daniel Hudson,PIT,2,7,0,71,0,61.2,9.63,4.82,1.02,0.313,71.60%,43.30%,11.90%,95.6,4.38,4.27,4.34,4.57,0.2,7146
Ryan Buchter,- - -,4,3,1,71,0,65.1,8.95,3.58,1.38,0.209,81.70%,32.90%,11.00%,93.2,2.89,2.78,4.54,5.02,0.2,9456
Bryan Mitchell,NYY,1,1,1,20,1,32.2,4.68,3.58,0.55,0.333,60.20%,54.10%,8.00%,96.2,5.79,6.37,4.2,4.76,0.2,11479
Kelvin Herrera,KCR,3,3,26,64,0,59.1,8.49,3.03,1.37,0.295,70.20%,47.50%,14.50%,97.8,4.25,4.15,4.3,4.19,0.2,6033
Jose Urena,MIA,14,7,0,34,28,169.2,5.99,3.39,1.38,0.249,79.00%,43.10%,13.10%,95.8,3.82,5.03,5.2,5.29,0.2,11589
A.J. Schugel,PIT,4,0,0,32,0,32,7.59,3.94,0.84,0.304,90.70%,52.70%,11.50%,91.9,1.97,3.98,4,4.23,0.2,11432
Chris Hatcher,- - -,1,2,1,49,0,59.2,9.5,3.17,1.51,0.294,76.90%,32.50%,12.80%,94.7,4.22,3.52,4.28,4.43,0.2,3299
Tyler Clippard,- - -,2,8,5,67,0,60.1,10.74,4.62,1.49,0.248,71.20%,32.50%,12.80%,91,4.77,3.73,4.57,4.71,0.2,5640
Jim Johnson,ATL,6,3,22,61,0,56.2,9.69,3.97,1.27,0.317,62.30%,48.50%,15.70%,93.7,5.56,3.98,4.22,3.98,0.2,3656
T.J. McFarland,ARI,4,5,0,43,1,54,4.83,2.83,0.67,0.323,53.60%,67.00%,12.10%,81.8,5.33,3.34,4.1,4.23,0.2,3237
A.J. Cole,WSN,3,5,0,11,8,52,7.62,4.67,1.38,0.293,83.10%,44.00%,13.60%,93.4,3.81,5.17,5.2,5.21,0.2,11467
Mike Dunn,COL,5,1,0,68,0,50.1,10.19,5.01,1.43,0.276,76.90%,32.80%,13.10%,92.6,4.47,3.65,4.63,4.72,0.2,9948
Chasen Shreve,NYY,4,1,0,44,0,45.1,11.51,4.96,1.59,0.252,82.00%,37.40%,15.40%,92.6,3.77,3.37,4.55,4.29,0.2,10855
Jesse Chavez,LAA,7,11,0,38,21,138,7.76,2.93,1.83,0.306,71.90%,41.10%,18.30%,91.9,5.35,5.17,5.09,4.43,0.2,5448
Jumbo Diaz,TBR,1,4,0,31,0,30,8.4,4.5,1.2,0.315,65.20%,30.70%,9.80%,97.3,5.7,3.73,4.52,5.22,0.1,3397
Hoby Milner,PHI,0,0,0,37,0,31.1,6.32,4.6,0.57,0.295,91.10%,45.30%,6.10%,,2.01,3.92,4.5,5.54,0.1,13346
Kyle Crick,SFG,0,0,0,30,0,32.1,7.79,4.73,0.56,0.233,72.60%,37.90%,5.00%,95.8,3.06,3.19,3.9,5.3,0.1,13182
Tony Watson,- - -,7,4,10,71,0,66.2,7.16,2.7,1.22,0.309,84.10%,47.80%,15.00%,93.9,3.38,3.07,4.45,4.29,0.1,3132
Donnie Hart,BAL,2,0,0,51,0,43.2,5.98,2.68,1.03,0.309,79.30%,53.10%,10.60%,87.1,3.71,4.3,4.49,4.91,0.1,15306
Danny Coulombe,OAK,2,2,0,72,0,51.2,6.79,3.83,0.7,0.28,75.30%,56.20%,9.80%,91.2,3.48,4.61,4.16,4.57,0.1,13293
Daniel Stumpf,DET,0,1,0,55,0,37.2,7.88,3.58,1.19,0.305,80.90%,42.70%,12.20%,93.7,3.82,3.89,4.49,4.7,0.1,13780
Keynan Middleton,LAA,6,1,3,64,0,58.1,9.72,2.78,1.7,0.318,84.70%,37.60%,16.20%,97,3.86,4.09,4.37,4,0.1,15264
Alan Busenitz,MIN,1,1,0,28,0,31.2,6.54,2.56,1.14,0.212,86.60%,37.50%,10.00%,95.6,1.99,3.73,4.2,4.8,0.1,15239
Lucas Sims,ATL,3,6,0,14,10,57.2,6.87,3.59,1.4,0.314,68.90%,38.10%,13.00%,91.4,5.62,4.73,5.07,5.16,0.1,13470
Vance Worley,MIA,2,6,1,24,12,71.2,6.28,3.77,1.13,0.378,64.50%,48.60%,13.00%,90.3,6.91,5.45,4.9,4.98,0.1,6435
Albert Suarez,SFG,0,3,1,18,0,31.2,9.66,3.13,1.14,0.282,64.00%,45.50%,13.80%,93.9,5.12,3.68,3.79,3.78,0.1,6175
Juan Minaya,CHW,3,2,9,40,0,43.2,10.51,4.12,1.44,0.304,76.60%,35.20%,15.20%,94.5,4.53,4.09,4.55,4.34,0.1,10341
Ubaldo Jimenez,BAL,6,11,0,31,25,142.2,8.77,3.66,2.08,0.329,66.20%,43.10%,20.80%,91.3,6.81,5.56,5.54,4.52,0.1,3374
John Brebbia,STL,0,0,0,50,0,51.2,8.88,1.92,1.39,0.216,90.90%,25.20%,10.30%,94.5,2.44,3.65,4.13,4.8,0.1,12777
Luke Jackson,ATL,2,0,0,43,0,50.2,5.86,3.38,0.71,0.311,71.80%,45.20%,6.80%,94.9,4.62,4.87,4.24,5.29,0.1,11752
A.J. Griffin,TEX,6,6,0,18,15,77.1,7.1,3.26,2.33,0.251,70.70%,28.50%,14.20%,87.5,5.94,4.51,6.26,6.14,0.1,11132
Pedro Baez,LAD,3,6,0,66,0,64,9,4.08,1.27,0.267,84.70%,34.60%,11.30%,97.1,2.95,3.98,4.44,4.83,0.1,5420
Phil Hughes,MIN,4,3,0,14,9,53.2,6.37,2.18,2.01,0.333,69.40%,30.40%,13.80%,90.2,5.87,5.78,5.43,5.41,0.1,7450
Josh A. Smith,OAK,2,1,0,26,0,35,6.43,3.86,0.77,0.296,65.50%,45.90%,7.50%,91.7,4.89,5.24,4.13,5.05,0.1,10946
Santiago Casilla,OAK,4,5,16,63,0,59,8.69,3.36,1.22,0.301,76.20%,40.10%,12.10%,94.3,4.27,4.09,4.41,4.64,0.1,2873
Ryan Pressly,MIN,2,3,0,57,0,61.1,8.95,2.79,1.47,0.264,66.70%,50.60%,18.50%,96.1,4.7,3.84,4.36,3.81,0.1,7005
Craig Stammen,SDP,2,3,0,60,0,80.1,8.29,3.14,1.34,0.263,85.00%,51.60%,17.40%,92,3.14,3.52,4.38,3.96,0.1,7274
Marco Gonzales,- - -,1,1,0,11,8,40,7.2,2.48,1.8,0.383,73.60%,45.40%,17.80%,91.8,6.08,5.49,5.06,4.46,0.1,15467
Kevin Siegrist,- - -,1,1,1,46,0,39.1,9.84,5.03,1.14,0.337,74.50%,35.80%,12.20%,92.4,4.81,4.42,4.38,4.58,0,8180
Seunghwan Oh,STL,1,6,20,62,0,59.1,8.19,2.28,1.52,0.319,76.40%,28.70%,10.80%,93.1,4.1,3.42,4.44,5.04,0,18719
Jake Odorizzi,TBR,10,8,0,28,28,143.1,7.97,3.83,1.88,0.227,72.50%,30.60%,15.50%,91.5,4.14,4.58,5.43,5.1,0,6397
Kevin Shackelford,CIN,0,0,0,26,0,30.2,11.15,3.82,1.76,0.32,79.80%,58.00%,25.00%,95.5,4.7,2.91,4.79,3.64,0,11012
Tony Cingrani,- - -,0,0,0,47,0,42.2,10.97,2.53,2.11,0.297,79.50%,41.30%,21.30%,94.5,4.22,2.82,4.68,3.59,0,12555
Derek Law,SFG,4,1,4,41,0,37.1,8.44,3.38,1.21,0.357,74.10%,38.30%,11.10%,94.2,5.06,4.58,4.31,4.71,0,13133
Jorge De La Rosa,ARI,3,1,0,65,0,51.1,7.89,3.68,1.23,0.273,76.40%,45.20%,12.50%,93.5,4.21,3.17,4.58,4.75,0,2047
Ryan Dull,OAK,2,2,0,49,0,42,9.64,3.43,1.5,0.283,56.30%,38.70%,14.90%,91.4,5.14,3.68,4.54,4.36,0,13974
Ariel Miranda,SEA,8,7,0,31,29,160,7.71,3.54,2.08,0.236,73.60%,31.70%,15.30%,92.2,5.12,4.61,5.73,5.41,0,17526
Austin Brice,CIN,0,0,0,22,0,32.2,7.16,1.93,1.65,0.284,72.30%,50.50%,18.80%,94.3,4.96,4.39,4.87,4.23,0,17237
Yovani Gallardo,SEA,5,10,1,28,22,130.2,6.47,4.13,1.65,0.286,69.70%,44.10%,15.90%,92.5,5.72,5.56,5.53,5.2,0,8173
Jose Torres,SDP,7,4,1,62,0,68.1,8.3,2.11,1.71,0.266,75.60%,35.40%,14.40%,95.2,4.21,3.78,4.66,4.53,0,14957
Andrew Moore,SEA,1,5,0,11,9,59,4.73,1.22,2.14,0.243,66.80%,28.70%,14.10%,91.1,5.34,5.42,5.65,5.55,0,17553
Brandon Workman,BOS,1,1,0,33,0,39.2,8.39,2.5,1.59,0.283,81.60%,43.20%,16.70%,92.4,3.18,3.92,4.49,4.08,0,11428
Wily Peralta,MIL,5,4,0,19,8,57.1,8.16,5.02,1.57,0.362,59.80%,44.50%,16.40%,96.2,7.85,4.7,5.34,4.96,0,7738
Marc Rzepczynski,SEA,2,2,1,64,0,31.1,7.18,5.74,0.57,0.303,72.00%,70.00%,15.40%,,4.02,3.27,4.4,4.31,0,6612
Mike Fiers,HOU,8,10,0,29,28,153.1,8.57,3.64,1.88,0.299,73.20%,42.90%,19.50%,89.9,5.22,4.87,5.43,4.62,0,7754
Aaron Sanchez,TOR,1,3,0,8,8,36,6,5,1.5,0.31,71.40%,47.50%,17.10%,95.3,4.25,6.21,5.74,5.3,0,11490
J.J. Hoover,ARI,3,1,0,52,0,41.1,11.76,5.66,1.52,0.367,84.10%,32.80%,15.20%,92.4,3.92,4.67,4.71,4.48,0,9037
Josh Edgin,NYM,0,1,1,46,0,37,6.57,4.38,0.73,0.319,79.60%,47.40%,7.50%,91.8,3.65,4.12,4.62,5.49,0,10796
Craig Breslow,- - -,1,1,0,37,0,35.1,5.86,3.57,1.02,0.319,70.00%,39.80%,8.50%,,5.09,6.37,4.69,5.58,-0.1,4363
Dan Altavilla,SEA,1,1,0,41,0,46.2,10.03,3.86,1.74,0.281,72.00%,36.20%,14.80%,96.8,4.24,4.48,4.79,4.6,-0.1,16507
Jharel Cotton,OAK,9,10,0,24,24,129,7.33,3.7,1.95,0.279,65.60%,37.00%,15.30%,93.3,5.58,4.27,5.68,5.38,-0.1,13654
Ian Kennedy,KCR,5,13,0,30,30,154,7.66,3.56,1.99,0.257,68.20%,36.00%,15.70%,92.2,5.38,5.56,5.61,5.25,-0.1,6986
Brock Stewart,LAD,0,0,1,17,4,34.1,7.6,4.98,1.05,0.255,70.80%,41.10%,10.50%,93.4,3.41,3.14,4.73,5.18,-0.1,16727
Miguel Castro,BAL,3,3,0,39,1,66.1,5.16,3.8,1.09,0.227,75.20%,49.30%,11.80%,95.7,3.53,4.24,4.94,5.19,-0.1,15684
Dan Jennings,- - -,3,1,0,77,0,62.2,7.32,4.45,1.15,0.256,78.60%,59.80%,21.10%,91.9,3.45,3.73,4.72,4.14,-0.1,8073
Jake Thompson,PHI,3,2,0,11,8,46.1,6.8,4.27,1.75,0.295,77.60%,46.30%,16.10%,91.5,3.88,6.05,5.92,5.54,-0.1,14371
Adam Ottavino,COL,2,3,0,63,0,53.1,10.63,6.58,1.35,0.31,76.40%,37.20%,14.30%,94.8,5.06,4.61,5.16,5.08,-0.1,1247
Jhan Marinez,- - -,0,3,0,43,0,58.1,6.94,4.01,0.93,0.326,80.10%,50.60%,11.30%,95.4,3.7,4.87,4.65,4.93,-0.1,5830
Matt Wisler,ATL,0,1,0,20,1,32.1,6.12,3.62,1.39,0.342,52.90%,31.90%,9.10%,92.9,8.35,6.5,5.2,6.21,-0.1,12804
Luke Gregerson,HOU,2,3,1,65,0,61,10.33,2.95,1.92,0.306,79.90%,50.00%,23.60%,89.2,4.57,3.87,4.62,3.45,-0.1,4090
Neil Ramirez,- - -,0,1,0,29,0,31.1,12.64,6.03,1.72,0.358,55.60%,31.00%,14.00%,93.7,7.18,3.73,4.94,4.9,-0.1,7677
Drew Storen,CIN,4,2,1,58,0,54.2,7.9,3.79,1.15,0.316,72.30%,50.00%,13.20%,90.6,4.45,4.06,4.88,4.94,-0.1,6983
Tyson Ross,TEX,3,3,0,12,10,49,6.61,6.8,1.29,0.303,58.00%,46.80%,13.00%,91.9,7.71,6.67,6.18,6.28,-0.1,7872
Austin Bibens-Dirkx,TEX,5,2,0,24,6,69.1,4.93,2.6,1.82,0.268,78.80%,39.90%,15.20%,,4.67,5.82,5.68,5.42,-0.1,9559
Adam Conley,MIA,8,8,0,22,20,102.2,6.31,3.68,1.67,0.295,65.50%,39.60%,13.90%,90,6.14,5.63,5.62,5.59,-0.1,14457
Cesar Valdez,- - -,1,1,0,11,4,30.2,6.16,3.23,2.05,0.34,55.60%,43.00%,21.20%,88.9,7.63,7.52,5.93,4.88,-0.1,9013
Luis Cessa,NYY,0,3,0,10,5,36,7.5,4.25,1.75,0.282,75.80%,45.50%,17.50%,95.2,4.75,5.6,5.69,5.13,-0.1,13345
Edwin Jackson,- - -,5,6,0,16,13,76,7.11,3.43,2.37,0.287,71.30%,37.00%,17.70%,93.9,5.21,5.24,6.14,5.37,-0.1,1841
Matt Strahm,KCR,2,5,0,24,3,34.2,9.61,5.71,1.56,0.279,70.80%,37.10%,15.40%,94,5.45,3.7,5.44,5.19,-0.1,13799
Daniel Gossett,OAK,4,11,0,18,18,91.1,7.09,3.05,2.07,0.328,68.00%,43.10%,21.20%,91.7,6.11,6.21,5.59,4.53,-0.1,16164
Simon Castro,OAK,1,3,0,26,0,37,8.51,3.41,1.7,0.263,73.30%,32.70%,14.00%,93.8,4.38,4.8,5.02,4.97,-0.2,9243
James Shields,CHW,5,7,0,21,21,117,7.92,4.08,2.08,0.27,74.50%,38.20%,17.40%,90.5,5.23,5.31,5.83,5.19,-0.2,7059
Blaine Hardy,DET,1,0,0,35,0,33.1,7.56,3.51,1.89,0.361,71.10%,33.00%,13.70%,89.9,5.94,6.54,5.38,5.37,-0.2,6499
Michael Brady,OAK,0,0,0,16,0,31.2,6.82,1.71,1.99,0.277,64.30%,33.70%,14.90%,91.6,5.68,4.39,5.56,5.32,-0.2,8461
Tony Sipp,HOU,0,1,0,46,0,37.1,9.4,3.86,1.93,0.277,67.00%,49.10%,20.00%,91.1,5.79,3.73,5.22,4.34,-0.2,8280
Zach Eflin,PHI,1,5,0,11,11,64.1,4.9,1.68,2.24,0.297,69.30%,44.10%,18.80%,93.8,6.16,5.63,6.1,5.21,-0.2,13774
Christian Bergman,SEA,4,5,0,13,8,54,5.5,2.5,2,0.293,77.20%,37.70%,16.90%,88.9,5,6.62,5.82,5.27,-0.2,10925
Buddy Boshers,MIN,1,0,0,38,0,35,7.2,2.57,1.8,0.283,74.00%,45.50%,18.40%,90.6,4.89,5,5.19,4.52,-0.2,8490
Joe Blanton,WSN,2,4,0,51,0,44.1,7.92,2.64,2.03,0.326,71.70%,33.30%,15.90%,90.4,5.68,4.33,5.28,4.87,-0.2,4849
Sam Gaviglio,- - -,4,5,0,16,13,74.1,5.93,3.15,1.94,0.274,77.50%,49.40%,21.30%,89.4,4.36,5.52,5.81,4.8,-0.2,12778
Hisashi Iwakuma,SEA,0,2,0,6,6,31,4.65,3.48,2.03,0.22,80.10%,40.80%,16.70%,85.5,4.35,6.25,6.42,5.89,-0.2,13048
Felix Pena,CHC,1,0,0,25,0,34.1,9.7,4.72,2.1,0.3,77.60%,34.70%,16.00%,94.6,5.24,4.87,5.78,5.34,-0.2,13403
Tim Adleman,CIN,5,11,0,30,20,122.1,7.95,3.75,2.13,0.282,72.60%,34.40%,17.40%,90.5,5.52,4.7,5.87,5.22,-0.3,10968
Ian Krol,ATL,2,2,0,51,0,49,8.08,3.86,1.47,0.307,64.30%,41.30%,15.40%,93.7,5.33,4.54,5.01,4.78,-0.3,10066
Josh Smoker,NYM,1,2,0,54,0,56.1,10.86,5.11,1.6,0.351,76.50%,42.90%,17.90%,95.1,5.11,4.42,4.92,4.38,-0.3,10285
Hector Santiago,MIN,4,8,0,15,14,70.1,6.53,3.97,1.92,0.263,72.90%,30.20%,13.20%,90.8,5.63,6.46,6.02,6.13,-0.3,4026
Junichi Tazawa,MIA,3,5,0,55,0,55.1,6.18,3.58,1.3,0.28,64.90%,35.60%,11.60%,92.9,5.69,4.21,4.96,5.3,-0.3,4079
Casey Lawrence,- - -,2,3,0,27,2,55.1,8.46,4.07,1.79,0.377,70.80%,46.50%,20.40%,91.4,6.34,4.3,5.27,4.42,-0.3,11121
Carlos Torres,MIL,4,4,1,67,0,72.2,6.94,4.09,1.24,0.309,77.00%,45.70%,13.20%,82.4,4.21,4.48,4.89,4.96,-0.3,7624
Justin Nicolino,MIA,2,3,0,20,8,48,4.88,3.75,1.5,0.333,71.20%,46.60%,17.00%,91,5.06,6.62,5.55,5.13,-0.3,11754
Chad Bell,DET,0,3,0,28,4,62.1,8.23,4.48,1.73,0.363,67.20%,45.00%,17.40%,93.2,6.93,6.25,5.47,4.93,-0.3,10297
Dustin McGowan,MIA,8,2,0,63,0,77.2,7.42,3.13,1.51,0.286,72.90%,50.90%,18.60%,94.1,4.75,5.03,4.81,4.23,-0.3,8600
Phil Maton,SDP,3,2,1,46,0,43,9.63,2.93,2.09,0.284,78.60%,45.30%,26.30%,93.1,4.19,3.84,5.09,3.64,-0.3,18064
Warwick Saupold,DET,3,2,0,45,0,62.2,6.32,4.45,1.29,0.289,73.50%,43.10%,12.50%,93,4.88,5.03,5.39,5.57,-0.3,13211
Chris Young,KCR,0,0,0,14,2,30,6.6,4.2,2.1,0.385,67.00%,40.50%,17.90%,87.1,7.5,5.63,6.22,5.5,-0.3,3196
Jeremy Jeffress,- - -,5,2,0,61,1,65.1,7.03,4.68,1.38,0.318,77.90%,59.10%,20.80%,95.1,4.68,3.81,5.24,4.56,-0.3,9490
Jordan Lyles,- - -,1,5,0,38,5,69.2,7.11,2.84,2.07,0.352,61.20%,49.40%,21.10%,94.1,7.75,5.24,5.68,4.64,-0.3,7593
Mike Bolsinger,TOR,0,3,0,11,5,41.1,8.49,5.88,1.96,0.331,70.30%,48.80%,20.00%,90.8,6.31,5.63,6.28,5.38,-0.4,11137
Tommy Milone,- - -,1,3,1,17,8,48.1,7.08,2.61,2.79,0.325,62.10%,35.50%,22.40%,88.4,7.63,5.75,6.49,4.92,-0.4,7608
Hansel Robles,NYM,7,5,0,46,0,56.2,9.53,4.61,1.59,0.259,74.60%,34.00%,15.20%,95.3,4.92,4.96,5.13,4.91,-0.4,11801
Lisalverto Bonilla,CIN,1,3,0,10,4,36.2,6.87,5.4,1.96,0.304,60.20%,43.00%,20.00%,92.4,8.1,5.6,6.43,5.53,-0.4,11266
Robby Scott,BOS,2,1,0,57,0,35.2,7.82,3.28,1.77,0.172,78.00%,42.60%,17.90%,88.6,3.79,3.27,5.32,4.71,-0.4,13042
Justin Grimm,CHC,1,2,1,50,0,55.1,9.6,4.39,1.95,0.263,70.40%,43.10%,22.20%,95.4,5.53,5.52,5.36,4.28,-0.4,11720
Jacob Turner,WSN,2,3,0,18,2,39,5.31,3.46,1.85,0.285,75.30%,43.40%,16.30%,95.3,5.08,6.79,5.88,5.44,-0.4,10185
Jason Motte,ATL,1,0,0,46,0,40.2,5.98,4.43,1.33,0.2,82.20%,45.20%,13.00%,93.7,3.54,4.96,5.44,5.54,-0.4,5861
Jose Ramirez,ATL,2,3,0,68,0,62,8.13,4.21,1.31,0.226,79.80%,46.10%,12.90%,97.5,3.19,4.42,4.88,5,-0.4,10171
Josh Osich,SFG,3,2,0,54,0,43.1,8.93,5.61,1.45,0.333,66.50%,44.90%,16.30%,95.7,6.23,5.86,5.21,4.88,-0.4,11528
Tyler Glasnow,PIT,2,7,0,15,13,62,8.13,6.39,1.89,0.358,60.70%,43.20%,18.10%,95.1,7.69,6.09,6.3,5.64,-0.4,14374
Drew VerHagen,DET,0,3,0,24,2,34.1,6.55,2.36,2.62,0.317,78.40%,50.50%,26.30%,94,5.77,6.29,6.27,4.46,-0.5,13424
Jason Grilli,- - -,2,5,1,46,0,40,10.8,4.05,2.7,0.324,72.60%,26.70%,22.20%,93.1,6.3,6.09,6.08,4.58,-0.6,521
Brian Ellington,MIA,1,1,0,42,0,44.2,9.67,7.05,1.41,0.333,63.10%,35.40%,11.70%,98.5,7.25,5.34,5.8,6.15,-0.6,17233
Travis Wood,- - -,4,7,0,39,14,94,6.22,4.31,1.82,0.325,63.60%,35.60%,14.00%,89.4,6.8,5.75,5.9,5.85,-0.6,9884
Tom Koehler,- - -,1,7,0,27,13,72.2,7.68,4.33,1.98,0.313,68.20%,40.20%,18.80%,93,6.69,5.24,6.05,5.27,-0.6,6570
Neftali Feliz,- - -,2,5,8,49,0,46,7.24,4.5,1.76,0.246,60.30%,32.60%,15.00%,96.5,5.48,5.17,5.66,5.43,-0.7,18
Bronson Arroyo,CIN,3,6,0,14,14,71,5.7,2.41,2.92,0.305,67.60%,30.40%,19.00%,84.7,7.35,5.13,6.99,5.81,-0.7,978
Junior Guerra,MIL,1,4,0,21,14,70.1,8.57,5.5,2.3,0.236,77.30%,33.50%,20.90%,92.2,5.12,5.71,6.58,5.43,-0.7,5702
Miguel Diaz,SDP,1,1,0,31,3,41.2,7.13,5.4,2.38,0.275,65.40%,40.30%,20.40%,96,7.34,5.07,7.02,5.89,-0.7,18815
Frankie Montas,OAK,1,1,0,23,0,32,10.13,5.63,2.81,0.349,77.10%,35.50%,26.30%,98.2,7.03,6.62,7.13,5.18,-0.7,14309
David Holmberg,CHW,2,4,0,37,7,57.2,5.15,5.31,1.87,0.273,76.60%,42.90%,15.20%,88.1,4.68,7.19,6.8,6.53,-0.8,7725
Chris Flexen,NYM,3,6,0,14,9,48,6.75,6.56,2.06,0.342,65.80%,41.40%,18.60%,93,7.87,5.98,6.95,6.16,-0.8,13896
Sam Dyson,- - -,4,10,14,55,0,54.2,5.6,4.94,1.32,0.319,66.40%,63.00%,21.10%,95.5,6.09,3.89,5.63,4.96,-0.8,11710
Chris Smith,OAK,0,4,0,14,9,55.2,5.01,3.56,2.59,0.244,62.70%,36.90%,19.00%,85.8,6.79,7.19,7.02,5.97,-0.9,4544
Matt Harvey,NYM,5,7,0,19,18,92.2,6.51,4.56,2.04,0.307,69.60%,43.00%,20.60%,94.3,6.7,5.52,6.37,5.39,-0.9,11713
Derek Holland,CHW,7,14,0,29,26,135,6.93,5,2.07,0.306,68.00%,37.70%,17.60%,91.7,6.2,6.54,6.45,5.78,-0.9,4141
Chris Tillman,BAL,1,7,0,24,19,93,6.1,4.94,2.32,0.334,64.20%,39.50%,20.00%,90.9,7.84,7.42,6.93,5.87,-0.9,5279
Mike Pelfrey,CHW,3,12,0,34,21,120,5.92,4.65,1.87,0.276,68.30%,50.30%,18.70%,,5.92,5.45,6.35,5.63,-1,5203
Jered Weaver,SDP,0,5,0,9,9,42.1,4.89,2.55,3.4,0.257,58.30%,40.70%,28.60%,84.2,7.44,4.93,8.12,5.56,-1,4235
Dylan Covey,CHW,0,7,0,18,12,70,5.27,4.37,2.57,0.296,64.40%,48.50%,24.70%,92.9,7.71,7.01,7.2,5.54,-1.1,14825
Amir Garrett,CIN,3,8,0,16,14,70.2,8.02,5.09,2.93,0.264,66.80%,43.40%,28.40%,92.3,7.39,5.86,7.39,5.2,-1.1,14375
Chris Beck,CHW,2,1,0,57,0,64.2,5.85,4.73,2.23,0.288,71.10%,40.40%,19.50%,94.9,6.4,6.33,6.84,5.88,-1.2,13418
