Name,Team,G,PA,HR,R,RBI,SB,BB%,K%,ISO,BABIP,AVG,OBP,SLG,wOBA,xwOBA,wRC+,BsR,Off,Def,WAR,playerid
Mike Trout,LAA,134,600,45,110,104,11,18.30%,20.00%,0.353,0.298,0.291,0.438,0.645,0.436,0.451,177,7.1,65.9,-0.3,8.4,10155
Alex Bregman,HOU,156,690,41,122,112,5,17.20%,12.00%,0.296,0.281,0.296,0.423,0.592,0.418,0.369,167,-2.1,57.3,4.8,8.4,17678
Christian Yelich,MIL,130,580,44,100,97,30,13.80%,20.30%,0.342,0.355,0.329,0.429,0.671,0.442,0.424,174,8.5,65.2,-3.9,7.8,11477
Cody Bellinger,LAD,156,660,47,121,115,15,14.40%,16.40%,0.324,0.302,0.305,0.406,0.629,0.415,0.424,161,1.4,54.2,3.4,7.7,15998
Marcus Semien,OAK,162,747,33,123,92,10,11.60%,13.70%,0.237,0.294,0.285,0.369,0.522,0.373,0.353,138,1.7,37.7,14.1,7.6,12533
Anthony Rendon,WSN,146,646,34,117,126,5,12.40%,13.30%,0.279,0.323,0.319,0.412,0.598,0.413,0.412,155,0.4,47.1,4.2,7,12861
Ketel Marte,ARI,144,628,32,97,92,10,8.40%,13.70%,0.264,0.342,0.329,0.389,0.592,0.405,0.373,149,4.2,45,6.7,7,13613
Xander Bogaerts,BOS,155,698,33,110,117,4,10.90%,17.50%,0.246,0.338,0.309,0.384,0.555,0.39,0.349,141,1,37.5,8.1,6.8,12161
Mookie Betts,BOS,150,706,29,135,80,16,13.70%,14.30%,0.229,0.309,0.295,0.391,0.524,0.38,0.408,135,5.6,36.8,6.3,6.6,13611
George Springer,HOU,122,556,39,96,96,6,12.10%,20.30%,0.299,0.305,0.292,0.383,0.591,0.4,0.39,155,0.9,40.1,6.4,6.4,12856
Matt Chapman,OAK,156,670,36,102,91,1,10.90%,21.90%,0.257,0.27,0.249,0.342,0.506,0.354,0.352,125,0.9,22.6,17.1,6.1,16505
Nolan Arenado,COL,155,662,41,102,118,3,9.40%,14.00%,0.269,0.312,0.315,0.379,0.583,0.392,0.341,130,2.5,28.3,12.5,6.1,9777
Trevor Story,COL,145,656,35,111,85,23,8.80%,26.50%,0.26,0.361,0.294,0.363,0.554,0.38,0.337,122,5.9,25,15.1,6,12564
Rafael Devers,BOS,156,702,32,129,115,8,6.80%,17.00%,0.244,0.339,0.311,0.361,0.555,0.377,0.359,132,2.3,31.3,4.9,5.9,17350
J.T. Realmuto,PHI,145,593,25,92,83,9,6.90%,20.70%,0.217,0.309,0.275,0.328,0.493,0.34,0.338,107,5.4,11.1,27.8,5.7,11739
Yoan Moncada,CHW,132,559,25,83,79,10,7.20%,27.50%,0.233,0.406,0.315,0.367,0.548,0.379,0.354,139,3.5,31.5,6.1,5.6,17232
Ronald Acuna Jr.,ATL,156,715,41,127,101,37,10.60%,26.30%,0.238,0.337,0.28,0.365,0.518,0.369,0.39,125,8.1,32.1,1.5,5.5,18401
DJ LeMahieu,NYY,145,655,26,109,102,5,7.00%,13.70%,0.191,0.349,0.327,0.375,0.518,0.375,0.366,136,-0.8,29.4,2.8,5.4,9874
Yasmani Grandal,MIL,153,632,28,79,77,5,17.20%,22.00%,0.222,0.279,0.246,0.38,0.468,0.361,0.363,121,-5.1,12.5,20.6,5.2,11368
Pete Alonso,NYM,161,693,53,103,120,1,10.40%,26.40%,0.323,0.28,0.26,0.358,0.583,0.384,0.373,144,-2.2,37.9,-9.7,4.9,19251
Juan Soto,WSN,150,659,34,110,110,12,16.40%,20.00%,0.266,0.312,0.282,0.401,0.548,0.394,0.407,143,-0.5,36.5,-7.5,4.9,20123
Josh Donaldson,ATL,155,659,37,96,94,4,15.20%,23.50%,0.262,0.292,0.259,0.379,0.521,0.377,0.383,131,-3,24,4.5,4.9,5038
Max Muncy,LAD,141,589,35,101,98,4,15.30%,25.30%,0.265,0.283,0.251,0.374,0.515,0.372,0.379,133,4.8,30.3,-0.8,4.7,13301
Kris Bryant,CHC,147,634,31,108,77,4,11.70%,22.90%,0.239,0.331,0.282,0.382,0.521,0.379,0.346,134,3.8,31.9,-4.1,4.7,15429
Carlos Santana,CLE,158,686,34,110,93,4,15.70%,15.70%,0.234,0.293,0.281,0.397,0.515,0.38,0.366,138,1.5,35.2,-11.1,4.7,2396
Francisco Lindor,CLE,143,654,32,101,74,22,7.00%,15.00%,0.234,0.291,0.284,0.335,0.518,0.349,0.328,118,-2,13,12.1,4.7,12916
Jeff McNeil,NYM,133,567,23,83,75,5,6.20%,13.20%,0.214,0.337,0.318,0.384,0.531,0.384,0.347,144,-2.9,30.1,-0.8,4.6,15362
Aaron Judge,NYY,102,447,27,75,55,3,14.30%,31.50%,0.267,0.36,0.272,0.381,0.54,0.382,0.392,141,0.4,23.8,7.6,4.6,15640
Ozzie Albies,ATL,160,702,24,102,86,15,7.70%,16.00%,0.205,0.325,0.295,0.352,0.5,0.354,0.346,116,4.8,19.2,4.6,4.5,16556
Bryce Harper,PHI,157,682,35,98,114,15,14.50%,26.10%,0.25,0.313,0.26,0.372,0.51,0.365,0.383,124,-0.6,21.2,3,4.5,11579
Max Kepler,MIN,134,596,36,98,90,1,10.10%,16.60%,0.267,0.244,0.252,0.336,0.519,0.355,0.339,122,-1.8,14.9,10,4.5,12144
Javier Baez,CHC,138,561,29,89,85,11,5.00%,27.80%,0.25,0.345,0.281,0.316,0.531,0.347,0.327,112,1.2,10.4,15.7,4.3,12979
Nelson Cruz,MIN,120,521,41,81,108,0,10.70%,25.10%,0.328,0.351,0.311,0.392,0.639,0.417,0.412,164,-4.5,38.1,-12.3,4.3,2434
Eugenio Suarez,CIN,159,662,49,87,103,3,10.60%,28.50%,0.301,0.312,0.271,0.358,0.572,0.381,0.349,130,-6.2,20.4,1.9,4.3,12552
Paul DeJong,STL,159,664,30,97,78,9,9.30%,22.40%,0.211,0.259,0.233,0.318,0.444,0.322,0.324,101,2.3,3,18.5,4.2,18015
Austin Meadows,TBR,138,591,33,83,89,12,9.10%,22.20%,0.268,0.331,0.291,0.364,0.558,0.38,0.373,144,-1,32.2,-10.3,4.2,15672
Jorge Polanco,MIN,153,704,22,107,79,4,8.50%,16.50%,0.19,0.328,0.295,0.356,0.485,0.352,0.335,120,3.1,21.2,-3.9,4.1,13152
Michael Brantley,HOU,148,637,22,88,90,3,8.00%,10.40%,0.191,0.32,0.311,0.372,0.503,0.367,0.348,132,0,26.3,-6.8,4.1,4106
Mark Canha,OAK,126,497,26,80,58,3,13.50%,21.50%,0.244,0.308,0.273,0.396,0.517,0.386,0.358,146,-1.2,28.3,-4.4,4,11445
Jonathan Villar,BAL,162,714,24,111,73,40,8.50%,24.60%,0.179,0.341,0.274,0.339,0.453,0.335,0.309,107,10.5,16.8,-1.4,3.9,10071
Freddie Freeman,ATL,158,692,38,113,121,6,12.60%,18.40%,0.255,0.318,0.295,0.389,0.549,0.387,0.392,137,-0.1,34,-16.2,3.9,5361
Anthony Rizzo,CHC,146,613,27,89,94,5,11.60%,14.00%,0.227,0.306,0.293,0.405,0.52,0.39,0.383,140,-5.4,27.2,-6.9,3.9,3473
Mitch Garver,MIN,93,359,31,70,67,0,11.40%,24.20%,0.357,0.277,0.273,0.365,0.63,0.404,0.373,155,-1.1,24.3,3.1,3.9,15161
Ramon Laureano,OAK,123,481,24,79,67,13,5.60%,25.60%,0.233,0.342,0.288,0.34,0.521,0.356,0.338,127,4.9,21.3,1.8,3.9,17128
Matt Olson,OAK,127,547,36,73,91,0,9.30%,25.20%,0.277,0.3,0.267,0.351,0.545,0.368,0.382,135,-0.5,23.7,-3,3.9,14344
Michael Conforto,NYM,151,648,33,90,92,7,13.00%,23.00%,0.237,0.29,0.257,0.363,0.494,0.358,0.371,127,1.4,24.4,-6,3.9,16376
Kolten Wong,STL,148,549,11,61,59,24,8.60%,15.10%,0.138,0.321,0.285,0.361,0.423,0.334,0.29,109,7.1,13.6,7.2,3.8,12532
Yordan Alvarez,HOU,87,369,27,58,78,0,14.10%,25.50%,0.342,0.366,0.313,0.412,0.655,0.432,0.405,176,-1.8,34.3,-8.5,3.8,19556
Fernando Tatis Jr.,SDP,84,372,22,61,53,16,8.10%,29.60%,0.272,0.41,0.317,0.379,0.59,0.398,0.344,151,3,27.9,-2.1,3.7,19709
Gleyber Torres,NYY,144,604,38,96,90,5,7.90%,21.40%,0.256,0.296,0.278,0.337,0.535,0.358,0.334,125,-0.5,18.8,-2.6,3.6,16997
Brett Gardner,NYY,141,550,28,86,74,10,9.50%,19.60%,0.253,0.265,0.251,0.325,0.503,0.344,0.29,115,4.6,15.4,2.5,3.6,9927
Jorge Soler,KCR,162,679,48,95,117,3,10.80%,26.20%,0.304,0.294,0.265,0.354,0.569,0.378,0.389,136,-0.7,30.4,-17.2,3.6,14221
Jose Ramirez,CLE,129,542,23,68,83,24,9.60%,13.70%,0.224,0.256,0.255,0.327,0.479,0.334,0.339,108,6.7,12.2,5.7,3.6,13510
Eduardo Escobar,ARI,158,699,35,94,118,5,7.20%,18.60%,0.242,0.283,0.269,0.32,0.511,0.341,0.324,108,2.9,9.9,3.9,3.6,6153
Trea Turner,WSN,122,569,19,96,57,35,7.60%,19.90%,0.2,0.348,0.298,0.353,0.497,0.356,0.337,118,6.5,19.7,-1.5,3.6,16252
Trey Mancini,BAL,154,679,35,106,97,1,9.30%,21.10%,0.244,0.326,0.291,0.364,0.535,0.373,0.359,132,-2.1,25.9,-13.4,3.5,15149
Christian Vazquez,BOS,138,521,23,66,72,4,6.30%,19.40%,0.201,0.305,0.276,0.32,0.477,0.331,0.306,102,-4.2,-3.2,20.8,3.5,9774
Jose Altuve,HOU,124,548,31,89,74,6,7.50%,15.00%,0.252,0.303,0.298,0.353,0.55,0.374,0.333,137,-5,21.1,-4.8,3.5,5417
Tommy Pham,TBR,145,654,21,77,68,25,12.40%,18.80%,0.176,0.316,0.273,0.369,0.45,0.349,0.355,123,0.6,19.9,-7.5,3.4,2967
Tim Anderson,CHW,123,518,18,81,56,17,2.90%,21.00%,0.173,0.399,0.335,0.357,0.508,0.363,0.319,128,1.7,20.4,-3.7,3.4,15172
Justin Turner,LAD,135,549,27,80,67,2,9.30%,16.00%,0.219,0.304,0.29,0.372,0.509,0.37,0.371,131,-1.1,21.4,-5.3,3.3,5235
Tommy Edman,STL,92,349,11,59,36,15,4.60%,17.50%,0.196,0.346,0.304,0.35,0.5,0.357,0.327,124,6.6,17.5,5.1,3.3,19470
Corey Seager,LAD,134,541,19,82,87,1,8.10%,18.10%,0.211,0.303,0.272,0.335,0.483,0.34,0.327,112,3.4,11.7,4.1,3.3,13624
Joey Gallo,TEX,70,297,22,54,49,4,17.50%,38.40%,0.344,0.368,0.253,0.389,0.598,0.401,0.393,144,2.6,19.3,3.7,3.3,14128
Tom Murphy,SEA,76,281,18,32,40,2,6.80%,31.00%,0.262,0.34,0.273,0.324,0.535,0.355,0.299,126,1.3,10.7,12.5,3.2,13499
Manny Machado,SDP,156,661,32,81,85,5,9.80%,19.40%,0.206,0.274,0.256,0.334,0.462,0.335,0.345,109,-1.7,6.3,4.9,3.2,11493
J.D. Martinez,BOS,146,657,36,98,105,2,11.00%,21.00%,0.252,0.342,0.304,0.383,0.557,0.386,0.389,139,-4.6,27.8,-18.1,3.2,6184
Roberto Perez,CLE,119,449,24,46,63,0,10.00%,28.30%,0.213,0.285,0.239,0.321,0.452,0.326,0.316,102,-4.1,-3.1,20,3.2,2900
David Fletcher,LAA,154,653,6,83,49,8,8.40%,9.80%,0.094,0.317,0.29,0.35,0.384,0.318,0.312,96,-0.8,-3.9,13.6,3.2,17992
Bryan Reynolds,PIT,134,546,16,83,68,3,8.40%,22.20%,0.189,0.387,0.314,0.377,0.503,0.371,0.353,130,0.7,22.3,-7.6,3.2,19326
Carlos Correa,HOU,75,321,21,42,59,1,10.90%,23.40%,0.289,0.303,0.279,0.358,0.568,0.38,0.376,142,0.5,17.6,3.4,3.1,14162
Yuli Gurriel,HOU,144,612,31,85,104,5,6.00%,10.60%,0.243,0.289,0.298,0.343,0.541,0.364,0.313,131,-2.6,21.4,-10.8,3.1,19198
Gio Urshela,NYY,132,476,21,73,74,1,5.30%,18.30%,0.219,0.349,0.314,0.355,0.534,0.369,0.34,132,-3.1,16.5,-1.1,3.1,10681
Brian Anderson,MIA,126,520,20,57,66,5,8.50%,21.90%,0.207,0.305,0.261,0.342,0.468,0.342,0.337,114,-0.3,9.6,5,3.1,18289
Paul Goldschmidt,STL,161,682,34,97,97,3,11.40%,24.30%,0.216,0.303,0.26,0.346,0.476,0.346,0.354,117,3.2,18.1,-9.3,3,9218
Starling Marte,PIT,132,586,23,97,82,25,4.30%,16.00%,0.208,0.319,0.295,0.342,0.503,0.353,0.35,118,3.4,17.3,-5.7,3,9241
Joc Pederson,LAD,149,514,36,83,74,1,9.70%,21.60%,0.289,0.249,0.249,0.339,0.538,0.362,0.342,126,0.1,17.6,-3.7,3,11899
Howie Kendrick,WSN,121,370,17,61,62,2,7.30%,13.20%,0.228,0.359,0.344,0.395,0.572,0.4,0.418,147,-1.9,20.9,-2.3,3,4229
Kyle Seager,SEA,106,443,23,55,63,2,9.90%,19.40%,0.229,0.248,0.239,0.321,0.468,0.332,0.347,111,0.5,6.5,8.3,3,9785
Hunter Dozier,KCR,139,586,26,75,84,2,9.40%,25.30%,0.243,0.339,0.279,0.348,0.522,0.36,0.337,123,-2.1,15.4,-5.7,2.9,15117
Willy Adames,TBR,152,584,20,69,52,4,7.90%,26.20%,0.164,0.32,0.254,0.317,0.418,0.313,0.318,99,2.2,1.2,8.5,2.9,15986
Whit Merrifield,KCR,162,735,16,105,74,20,6.10%,17.10%,0.16,0.35,0.302,0.348,0.463,0.34,0.317,110,1.5,10.9,-7.4,2.9,11281
Amed Rosario,NYM,157,655,15,75,72,19,4.70%,18.90%,0.144,0.338,0.287,0.323,0.432,0.318,0.313,101,1.3,2,5.9,2.8,15518
Mike Moustakas,MIL,143,584,35,80,87,3,9.10%,16.80%,0.262,0.25,0.254,0.329,0.516,0.348,0.347,113,-2.2,7.8,2,2.8,4892
Nick Castellanos,- - -,151,664,27,100,73,2,6.20%,21.50%,0.236,0.337,0.289,0.337,0.525,0.357,0.36,122,-0.5,18.3,-12.6,2.8,11737
Miguel Sano,MIN,105,439,34,76,79,0,12.50%,36.20%,0.329,0.319,0.247,0.346,0.576,0.378,0.367,138,-1.4,19.7,-6.6,2.8,12164
Byron Buxton,MIN,87,295,10,48,46,14,6.40%,23.10%,0.251,0.314,0.262,0.314,0.513,0.34,0.301,112,3.3,7.8,9.8,2.7,14161
Scott Kingery,PHI,126,500,19,64,55,15,6.80%,29.40%,0.216,0.337,0.258,0.315,0.474,0.329,0.314,100,5.3,5.5,5.9,2.7,17975
Eric Sogard,- - -,110,442,13,59,40,8,8.60%,14.30%,0.167,0.316,0.29,0.353,0.457,0.342,0.307,115,4.3,12.8,-1,2.7,7927
Brandon Lowe,TBR,82,327,17,42,51,5,7.60%,34.60%,0.243,0.377,0.27,0.336,0.514,0.354,0.338,127,5.1,16.3,-0.4,2.7,18882
Willson Contreras,CHC,105,409,24,57,64,1,9.30%,24.90%,0.261,0.314,0.272,0.355,0.533,0.368,0.342,126,0.2,14.3,-0.3,2.7,11609
Mike Tauchman,NYY,87,296,13,46,47,6,11.50%,24.00%,0.227,0.333,0.277,0.361,0.504,0.364,0.322,128,1.2,12,4.2,2.6,15274
Marcell Ozuna,STL,130,549,29,80,89,12,11.30%,20.80%,0.231,0.257,0.241,0.328,0.472,0.336,0.368,110,1.6,8.7,0,2.6,10324
Victor Robles,WSN,155,617,17,86,65,28,5.70%,22.70%,0.165,0.31,0.255,0.326,0.419,0.317,0.289,92,4.2,-2.4,8.5,2.6,18363
Edwin Encarnacion,- - -,109,486,34,81,86,0,11.90%,21.20%,0.287,0.239,0.244,0.344,0.531,0.362,0.363,130,1,19.6,-10.9,2.5,2151
Kyle Schwarber,CHC,155,610,38,82,92,2,11.50%,25.60%,0.282,0.276,0.25,0.339,0.531,0.357,0.372,119,-2.3,12.8,-7.1,2.5,16478
J.D. Davis,NYM,140,453,22,65,57,3,8.40%,21.40%,0.22,0.355,0.307,0.369,0.527,0.373,0.381,137,-2.8,19.3,-9,2.4,16219
Cavan Biggio,TOR,100,430,16,66,48,14,16.50%,28.60%,0.195,0.309,0.234,0.364,0.429,0.343,0.344,114,4.9,12.6,-2.7,2.4,19252
Josh Bell,PIT,143,613,37,94,116,0,12.10%,19.20%,0.292,0.288,0.277,0.367,0.569,0.378,0.379,135,-5,23.2,-18.2,2.4,13145
Adam Eaton,WSN,151,656,15,103,49,15,9.90%,16.20%,0.148,0.319,0.279,0.365,0.428,0.342,0.321,108,3.5,10.6,-7,2.4,11205
Adalberto Mondesi,KCR,102,443,9,58,62,43,4.30%,29.80%,0.161,0.357,0.263,0.291,0.424,0.298,0.278,81,6.7,-3.9,13.3,2.4,13769
Kevin Newman,PIT,130,531,12,61,64,16,5.30%,11.70%,0.138,0.333,0.308,0.353,0.446,0.339,0.297,109,-0.2,6.3,0.5,2.4,17696
Jordan Luplow,CLE,85,261,15,42,38,3,12.60%,23.40%,0.276,0.313,0.276,0.372,0.551,0.383,0.348,141,1.3,14.9,-0.2,2.3,16424
Gary Sanchez,NYY,106,446,34,62,77,0,9.00%,28.00%,0.293,0.244,0.232,0.316,0.525,0.346,0.366,116,-1.1,8.3,-0.1,2.3,11442
Jean Segura,PHI,144,618,12,79,60,10,4.90%,11.80%,0.141,0.302,0.28,0.323,0.42,0.315,0.304,91,5.7,-1.5,5,2.3,5933
Nick Ahmed,ARI,158,625,19,79,82,8,8.30%,18.10%,0.183,0.28,0.254,0.316,0.437,0.315,0.32,90,2.2,-5.8,9,2.3,12147
Kole Calhoun,LAA,152,632,33,92,74,4,11.10%,25.60%,0.236,0.265,0.232,0.325,0.467,0.33,0.332,105,-1.2,2.4,-1.1,2.3,11200
Adam Frazier,PIT,152,608,10,80,50,5,6.60%,12.30%,0.139,0.306,0.278,0.336,0.417,0.32,0.312,97,0.7,-2,4.9,2.2,15223
Robinson Chirinos,HOU,114,437,17,57,58,1,11.70%,28.60%,0.205,0.306,0.238,0.347,0.443,0.336,0.31,112,-2,4.6,2.7,2.2,3142
Mike Yastrzemski,SFG,107,411,21,64,55,2,7.80%,26.00%,0.245,0.325,0.272,0.334,0.518,0.353,0.34,120,1.6,12.5,-3.2,2.2,14854
James McCann,CHW,118,476,18,62,60,4,6.30%,28.80%,0.187,0.359,0.273,0.328,0.46,0.333,0.323,108,0.7,5.3,0.4,2.2,12859
Christian Walker,ARI,152,603,29,86,73,8,11.10%,25.70%,0.217,0.312,0.259,0.348,0.476,0.346,0.363,110,2.6,11,-8.4,2.2,13419
Keston Hiura,MIL,84,348,19,51,49,9,7.20%,30.70%,0.268,0.402,0.303,0.368,0.57,0.388,0.343,139,-0.1,17.8,-7.1,2.1,20003
Alex Verdugo,LAD,106,377,12,43,44,4,6.90%,13.00%,0.181,0.309,0.294,0.342,0.475,0.341,0.333,112,0.6,6.7,2.8,2.1,17027
Rhys Hoskins,PHI,160,705,29,86,85,2,16.50%,24.50%,0.228,0.267,0.226,0.364,0.454,0.347,0.337,112,-2.7,8.5,-9.8,2.1,16472
Luis Arraez,MIN,92,366,4,54,28,2,9.80%,7.90%,0.104,0.355,0.334,0.399,0.439,0.36,0.332,126,1.8,13.7,-4.8,2.1,18568
Charlie Blackmon,COL,140,634,32,112,86,2,6.30%,16.40%,0.262,0.334,0.314,0.364,0.576,0.387,0.364,127,-4.5,17.8,-16.9,2.1,7859
Tyler Flowers,ATL,85,310,11,36,34,0,10.00%,33.90%,0.185,0.325,0.229,0.319,0.413,0.31,0.288,87,-2.4,-7.8,19,2.1,9134
Ji-Man Choi,TBR,127,487,19,54,63,2,13.10%,22.20%,0.198,0.303,0.261,0.363,0.459,0.348,0.364,122,0.8,14.8,-11.1,2,5452
Andrew Benintendi,BOS,138,615,13,72,68,10,9.60%,22.80%,0.165,0.333,0.266,0.343,0.431,0.33,0.337,100,2.7,2.9,-4.1,2,17901
Hunter Renfroe,SDP,140,494,33,64,64,5,9.30%,31.20%,0.273,0.239,0.216,0.289,0.489,0.32,0.312,99,-0.4,-0.9,5.1,2,15464
Ryan Braun,MIL,144,508,22,70,75,11,6.70%,20.70%,0.22,0.325,0.285,0.343,0.505,0.354,0.33,117,-0.7,10.5,-6.9,2,3410
Evan Longoria,SFG,129,508,20,59,69,3,8.50%,22.00%,0.183,0.291,0.254,0.325,0.437,0.322,0.35,100,-1.3,-1.1,4.6,2,9368
Miguel Rojas,MIA,132,526,5,52,46,9,6.10%,11.80%,0.095,0.314,0.284,0.331,0.379,0.305,0.301,90,-2.9,-9.8,12.6,1.9,7802
Eric Thames,MIL,149,459,25,67,61,3,11.10%,30.50%,0.258,0.313,0.247,0.346,0.505,0.354,0.319,116,2.6,12.6,-7.6,1.9,3711
Oscar Mercado,CLE,115,482,15,70,54,15,5.80%,17.40%,0.174,0.3,0.269,0.318,0.443,0.321,0.302,98,3.5,2.6,0.4,1.9,16375
Todd Frazier,NYM,133,499,21,63,67,1,8.00%,21.20%,0.192,0.284,0.251,0.329,0.443,0.328,0.31,107,-1.6,3.1,0.5,1.9,785
Niko Goodrum,DET,112,472,12,61,45,12,9.70%,29.20%,0.173,0.338,0.248,0.322,0.421,0.315,0.301,95,6.9,3.9,-0.6,1.9,12092
Avisail Garcia,TBR,125,530,20,61,72,10,5.80%,23.60%,0.182,0.34,0.282,0.332,0.464,0.334,0.341,113,-3.5,5.4,-4.2,1.9,5760
Danny Santana,TEX,130,511,28,81,81,21,4.90%,29.50%,0.251,0.353,0.283,0.324,0.534,0.352,0.342,111,4.6,11.6,-9.8,1.9,10322
Tommy La Stella,LAA,80,321,16,49,44,0,6.20%,8.70%,0.192,0.282,0.295,0.346,0.486,0.351,0.347,119,-0.1,7.7,0.6,1.9,12371
Asdrubal Cabrera,- - -,131,514,18,69,91,4,11.10%,20.00%,0.181,0.294,0.26,0.342,0.441,0.331,0.316,98,-4.2,-5.2,6.9,1.9,4962
Hanser Alberto,BAL,139,550,12,62,51,4,2.90%,9.10%,0.116,0.318,0.305,0.329,0.422,0.318,0.292,95,-1.7,-4.9,4.8,1.9,11902
Jason Heyward,CHC,147,589,21,78,62,8,11.50%,18.70%,0.177,0.281,0.251,0.343,0.429,0.328,0.318,100,2.1,1.7,-1.7,1.9,4940
Omar Narvaez,SEA,132,482,22,63,55,0,9.80%,19.10%,0.182,0.306,0.278,0.353,0.46,0.345,0.323,120,-1.5,10.6,-8.5,1.9,13338
Harrison Bader,STL,128,406,12,54,39,11,11.30%,28.80%,0.161,0.268,0.205,0.314,0.366,0.293,0.305,82,0.7,-8.8,14.5,1.8,18030
Carson Kelly,ARI,111,365,18,46,47,0,13.20%,21.60%,0.232,0.271,0.245,0.348,0.478,0.339,0.336,106,-1.9,1.2,5.6,1.8,13620
Hunter Pence,TEX,83,316,18,53,59,6,8.20%,21.80%,0.255,0.333,0.297,0.358,0.552,0.377,0.355,128,3.3,14.6,-7,1.8,8252
Lourdes Gurriel Jr.,TOR,84,343,20,52,50,6,5.80%,25.10%,0.264,0.318,0.277,0.327,0.541,0.358,0.336,124,0.6,11.3,-4.7,1.8,19238
Buster Posey,SFG,114,445,7,43,38,0,7.60%,16.00%,0.111,0.296,0.257,0.32,0.368,0.298,0.308,84,-4.9,-14.2,18.3,1.8,9166
Eloy Jimenez,CHW,122,504,31,69,79,0,6.00%,26.60%,0.246,0.308,0.267,0.315,0.513,0.343,0.346,115,1.8,11.3,-11,1.8,17484
Jon Berti,MIA,73,287,6,52,24,17,8.40%,25.40%,0.133,0.36,0.273,0.348,0.406,0.326,0.315,104,6.4,8,0.6,1.7,12037
Shin-Soo Choo,TEX,151,660,24,93,61,15,11.80%,25.00%,0.19,0.333,0.265,0.371,0.455,0.353,0.358,112,3.8,13.8,-19.2,1.7,3174
Bo Bichette,TOR,46,212,11,32,21,4,6.60%,23.60%,0.26,0.368,0.311,0.358,0.571,0.384,0.334,142,-1.2,10.2,0.2,1.7,19612
Jose Abreu,CHW,159,693,33,85,123,2,5.20%,21.90%,0.219,0.32,0.284,0.33,0.503,0.344,0.354,115,-5.3,8.3,-15,1.7,15676
Brian Dozier,WSN,135,482,20,54,50,3,12.70%,21.80%,0.192,0.271,0.238,0.34,0.43,0.329,0.329,100,-1.6,-1.5,3.4,1.7,9810
Brian Goodwin,LAA,136,458,17,65,47,7,8.30%,28.20%,0.208,0.337,0.262,0.326,0.47,0.332,0.297,106,2.2,5.7,-4.4,1.7,12858
Luke Voit,NYY,118,510,21,72,62,0,13.90%,27.80%,0.2,0.345,0.263,0.378,0.464,0.36,0.36,126,-3.8,13.1,-13.6,1.7,14811
Manuel Margot,SDP,151,441,12,59,37,20,8.60%,20.00%,0.153,0.272,0.234,0.304,0.387,0.296,0.273,84,5,-4.6,7.5,1.7,14712
Chris Taylor,LAD,124,414,12,52,52,8,8.90%,27.80%,0.199,0.344,0.262,0.333,0.462,0.331,0.294,106,2.5,5.6,-1.8,1.7,13757
Cesar Hernandez,PHI,161,667,14,77,71,9,6.70%,15.00%,0.129,0.313,0.279,0.333,0.408,0.315,0.298,91,1.5,-6.2,1.6,1.7,10556
David Peralta,ARI,99,423,12,48,57,0,8.30%,20.60%,0.186,0.327,0.275,0.343,0.461,0.338,0.301,105,-1.7,1.3,2,1.7,2136
Shohei Ohtani,LAA,106,425,18,51,62,12,7.80%,25.90%,0.219,0.354,0.286,0.343,0.505,0.352,0.346,120,1.4,12.1,-9.9,1.7,19755
Tyler Naquin,CLE,89,294,10,34,34,4,4.80%,22.40%,0.179,0.345,0.288,0.325,0.467,0.33,0.323,105,-1.2,0.6,6.1,1.7,13359
Victor Reyes,DET,69,292,3,29,25,9,4.80%,21.90%,0.127,0.384,0.304,0.336,0.431,0.325,0.28,101,0.3,0.8,5.9,1.6,15487
Jason Castro,MIN,79,275,13,39,30,0,12.00%,32.00%,0.203,0.307,0.232,0.332,0.435,0.328,0.362,103,-0.8,0.5,6.7,1.6,8722
Will Smith,LAD,54,196,15,30,42,2,9.20%,26.50%,0.318,0.264,0.253,0.337,0.571,0.369,0.318,130,-0.8,7.1,3.3,1.6,19197
Travis d'Arnaud,- - -,103,391,16,52,69,0,8.20%,21.70%,0.182,0.281,0.251,0.312,0.433,0.314,0.334,100,-1.1,-1.5,4.5,1.6,7739
Yandy Diaz,TBR,79,347,14,53,38,2,10.10%,17.60%,0.208,0.288,0.267,0.34,0.476,0.341,0.354,118,-0.2,7.7,-3.3,1.6,16578
Daniel Vogelbach,SEA,144,558,30,73,76,0,16.50%,26.70%,0.232,0.232,0.208,0.341,0.439,0.333,0.343,112,-0.1,8.1,-11.2,1.6,14130
Dexter Fowler,STL,150,574,19,69,67,8,12.90%,24.70%,0.17,0.294,0.238,0.346,0.409,0.326,0.336,103,-0.3,2.3,-4.7,1.6,4062
Cameron Maybin,NYY,82,269,11,48,32,9,11.20%,26.80%,0.209,0.365,0.285,0.364,0.494,0.362,0.339,128,0.7,10.3,-3.3,1.6,5223
Kevin Kiermaier,TBR,129,480,14,60,55,19,5.40%,21.70%,0.17,0.267,0.228,0.278,0.398,0.284,0.292,79,3.5,-9.3,8.7,1.6,11038
Andrelton Simmons,LAA,103,424,7,47,40,10,5.70%,8.70%,0.101,0.277,0.264,0.309,0.364,0.29,0.265,78,-1.7,-13.8,14.8,1.5,10847
Wilson Ramos,NYM,141,524,14,52,73,1,8.40%,13.20%,0.129,0.31,0.288,0.351,0.416,0.327,0.314,106,-5.8,-1.4,-0.1,1.5,1433
Lorenzo Cain,MIL,148,623,11,75,48,18,8.00%,17.00%,0.112,0.301,0.26,0.325,0.372,0.302,0.328,83,0.4,-13.8,9,1.5,9077
Austin Nola,SEA,79,267,10,37,31,1,8.60%,23.60%,0.185,0.325,0.269,0.342,0.454,0.337,0.294,114,1.5,6.3,-0.1,1.5,15941
Andrew McCutchen,PHI,59,262,10,45,29,2,16.40%,21.00%,0.201,0.299,0.256,0.378,0.457,0.358,0.355,120,0.2,7,-0.2,1.5,9847
David Dahl,COL,100,413,15,67,61,4,6.80%,26.60%,0.222,0.386,0.302,0.353,0.524,0.364,0.337,111,0.6,6.8,-5.1,1.5,13744
Austin Hedges,SDP,102,347,11,28,36,1,7.80%,31.40%,0.135,0.228,0.176,0.252,0.311,0.242,0.264,49,0.1,-23.5,27.3,1.5,12976
Marwin Gonzalez,MIN,114,463,15,52,55,1,6.70%,21.20%,0.151,0.31,0.264,0.322,0.414,0.313,0.32,94,0.4,-3.4,2.2,1.5,5497
David Bote,CHC,127,356,11,47,41,5,12.40%,26.10%,0.165,0.333,0.257,0.362,0.422,0.336,0.315,105,2.4,4.6,-1.4,1.4,14593
Kevin Pillar,- - -,161,645,21,83,88,14,2.80%,13.80%,0.173,0.27,0.259,0.287,0.432,0.298,0.296,84,6,-7.4,1.2,1.4,12434
Dansby Swanson,ATL,127,545,17,77,65,10,9.40%,22.80%,0.172,0.3,0.251,0.325,0.422,0.317,0.35,91,3.9,-2.2,-0.8,1.4,18314
Elvis Andrus,TEX,147,648,12,81,72,31,5.20%,14.80%,0.118,0.305,0.275,0.313,0.393,0.3,0.303,76,3.5,-16.5,8.5,1.4,8709
Ian Happ,CHC,58,156,11,25,30,2,9.60%,25.00%,0.3,0.286,0.264,0.333,0.564,0.368,0.335,126,1.4,6.8,2.9,1.4,17919
Greg Garcia,SDP,134,372,4,52,31,0,14.20%,22.30%,0.106,0.323,0.248,0.364,0.354,0.319,0.291,98,0.2,-0.6,3.1,1.4,10951
Jose Iglesias,CIN,146,530,11,62,59,6,3.80%,13.20%,0.119,0.315,0.288,0.318,0.407,0.306,0.273,82,-1.9,-14.7,11.9,1.4,10231
David Freese,LAD,79,186,11,35,29,0,12.40%,23.70%,0.284,0.374,0.315,0.403,0.599,0.415,0.382,161,-2.1,12.8,-4.4,1.4,9549
Victor Caratini,CHC,95,279,11,31,34,1,10.40%,21.10%,0.18,0.305,0.266,0.348,0.447,0.338,0.336,106,-1.5,0.9,4.3,1.4,14968
Danny Jansen,TOR,107,384,13,41,43,0,8.10%,20.60%,0.153,0.23,0.207,0.279,0.36,0.275,0.311,68,-0.6,-16.3,17,1.4,16535
Jackie Bradley Jr.,BOS,147,567,21,69,62,8,9.90%,27.30%,0.196,0.281,0.225,0.317,0.421,0.314,0.312,89,0.5,-7.1,1.3,1.4,12984
Freddy Galvis,- - -,147,589,23,67,70,4,4.80%,24.60%,0.178,0.312,0.26,0.296,0.438,0.307,0.276,89,-0.8,-9.4,3.1,1.4,6609
Jurickson Profar,OAK,139,518,20,65,67,9,9.30%,14.50%,0.192,0.218,0.218,0.301,0.41,0.301,0.32,90,1.8,-5.1,0.7,1.3,10815
Brandon Nimmo,NYM,69,254,8,34,29,3,18.10%,28.00%,0.186,0.293,0.221,0.375,0.407,0.34,0.331,115,1.9,6.9,-1.5,1.3,12927
Jorge Alfaro,MIA,130,465,18,44,57,4,4.70%,33.10%,0.162,0.364,0.262,0.312,0.425,0.312,0.321,95,-5.7,-9,7.5,1.3,12180
Jacob Stallings,PIT,71,210,6,26,13,0,7.60%,19.00%,0.12,0.303,0.262,0.325,0.382,0.297,0.31,82,-0.1,-5.2,12,1.3,13723
Jonathan Schoop,MIN,121,464,23,61,59,1,4.30%,25.00%,0.217,0.298,0.256,0.304,0.473,0.324,0.31,101,-0.8,-0.2,-2.5,1.3,11265
Garrett Cooper,MIA,107,421,15,52,50,0,7.80%,26.10%,0.165,0.357,0.281,0.344,0.446,0.337,0.342,111,-2.8,3.1,-3.3,1.3,15279
Starlin Castro,MIA,162,676,22,68,86,2,4.10%,16.40%,0.165,0.293,0.27,0.3,0.436,0.307,0.312,91,-4.2,-12.2,3.6,1.3,4579
Brock Holt,BOS,87,295,3,38,31,1,9.50%,19.30%,0.104,0.365,0.297,0.369,0.402,0.333,0.301,103,-1.2,-0.2,3.4,1.3,9345
Donovan Solano,SFG,81,228,4,27,23,0,4.40%,21.50%,0.126,0.409,0.33,0.36,0.456,0.346,0.344,116,-0.9,3.8,2.1,1.3,8623
J.P. Crawford,SEA,93,396,7,43,46,5,10.90%,21.00%,0.145,0.275,0.226,0.313,0.371,0.296,0.291,87,0.7,-6,5.5,1.3,15491
Jason Kipnis,CLE,121,511,17,52,65,7,7.80%,17.20%,0.166,0.265,0.245,0.304,0.41,0.301,0.312,86,0,-9.5,4.8,1.3,9776
Matt Carpenter,STL,129,492,15,59,46,6,12.80%,26.20%,0.166,0.285,0.226,0.334,0.392,0.315,0.317,96,0.2,-2.2,-0.7,1.3,8090
Alex Avila,ARI,63,201,9,22,24,1,17.90%,33.80%,0.213,0.287,0.207,0.353,0.421,0.323,0.359,96,-3.1,-4.2,10.5,1.3,7476
Yadier Molina,STL,113,452,10,45,57,6,5.10%,12.80%,0.129,0.289,0.27,0.312,0.399,0.303,0.313,88,-3.8,-10.8,8.8,1.2,7007
Teoscar Hernandez,TOR,125,464,26,58,65,6,9.70%,33.00%,0.242,0.293,0.23,0.306,0.472,0.325,0.311,102,0.7,1.8,-5.4,1.2,13066
Alex Gordon,KCR,150,633,13,77,76,5,8.10%,15.80%,0.129,0.301,0.266,0.345,0.396,0.319,0.326,95,-2.4,-6.1,-3.5,1.2,5209
Yasiel Puig,- - -,149,611,24,76,84,19,7.20%,21.80%,0.191,0.308,0.267,0.327,0.458,0.33,0.317,100,-0.9,-0.8,-7.1,1.2,14225
Brad Miller,- - -,79,170,13,26,25,2,8.80%,26.50%,0.305,0.281,0.26,0.329,0.565,0.368,0.343,127,0.2,6.2,0.6,1.2,12775
Reese McGuire,TOR,30,105,5,14,11,0,6.70%,17.10%,0.227,0.324,0.299,0.346,0.526,0.364,0.287,128,-0.2,3.7,5.1,1.2,15674
Jarrod Dyson,ARI,130,452,7,65,27,30,10.40%,19.00%,0.09,0.275,0.23,0.313,0.32,0.281,0.271,68,8.9,-10.3,7.8,1.2,4866
Eddie Rosario,MIN,137,590,32,91,109,3,3.70%,14.60%,0.224,0.273,0.276,0.3,0.5,0.329,0.322,104,0.2,3.2,-11.7,1.2,12155
Matt Joyce,ATL,129,238,7,32,23,0,16.00%,18.90%,0.155,0.351,0.295,0.408,0.45,0.372,0.361,127,-0.1,8.5,-4.2,1.2,3353
Leury Garcia,CHW,140,618,8,93,40,15,3.40%,22.50%,0.099,0.353,0.279,0.31,0.378,0.294,0.267,82,5.6,-8.8,-0.9,1.2,5913
Russell Martin,LAD,83,249,6,29,20,1,12.00%,24.10%,0.11,0.276,0.22,0.337,0.33,0.295,0.297,82,0.2,-5.7,9.4,1.2,4616
Mitch Haniger,SEA,63,283,15,46,32,4,10.60%,28.60%,0.244,0.257,0.22,0.314,0.463,0.326,0.321,107,0.5,2.8,-1.2,1.1,14274
Franmil Reyes,- - -,150,548,37,69,81,0,8.60%,28.50%,0.263,0.279,0.249,0.31,0.512,0.338,0.36,111,-3.2,4.5,-11.5,1.1,14566
Mike Freeman,CLE,75,213,4,27,24,1,10.30%,28.60%,0.113,0.388,0.277,0.362,0.39,0.327,0.276,103,1.8,2.6,1.3,1.1,11241
Aledmys Diaz,HOU,69,247,9,36,40,2,10.50%,11.30%,0.195,0.268,0.271,0.356,0.467,0.345,0.34,118,-0.6,4.9,-2.3,1.1,15937
Manny Pina,MIL,76,179,7,10,25,0,8.90%,27.90%,0.184,0.284,0.228,0.313,0.411,0.308,0.302,87,0.3,-2.9,8.3,1.1,2829
Enrique Hernandez,LAD,130,460,17,57,64,4,7.80%,21.10%,0.174,0.266,0.237,0.304,0.411,0.301,0.302,86,1.5,-6.8,3.1,1.1,10472
Brian McCann,ATL,85,316,12,28,45,0,9.80%,16.80%,0.162,0.261,0.249,0.323,0.412,0.311,0.313,88,-2.5,-7.5,8.3,1.1,4810
Aaron Hicks,NYY,59,255,12,41,36,1,12.20%,28.20%,0.208,0.286,0.235,0.325,0.443,0.325,0.283,103,-0.1,0.7,1.3,1.1,5297
Jake Marisnick,HOU,120,318,10,46,34,10,5.30%,29.90%,0.178,0.31,0.233,0.289,0.411,0.297,0.255,85,2,-4.2,4,1.1,11339
Wilmer Flores,ARI,89,285,9,31,37,0,5.30%,10.90%,0.17,0.332,0.317,0.361,0.487,0.358,0.334,119,-1.9,5.3,-3.6,1.1,5827
Derek Dietrich,CIN,113,306,19,41,43,1,9.20%,24.20%,0.275,0.176,0.187,0.328,0.462,0.334,0.331,100,1.4,1.4,-0.9,1,10542
Corey Dickerson,- - -,78,279,12,33,59,1,5.70%,20.10%,0.262,0.344,0.304,0.341,0.565,0.367,0.322,126,-0.9,8.7,-7.4,1,10762
Luis Rengifo,LAA,108,406,7,44,33,2,9.90%,22.90%,0.126,0.3,0.238,0.321,0.364,0.298,0.301,83,0.5,-8.2,4.3,1,19858
Aristides Aquino,CIN,56,225,19,31,47,7,7.10%,26.70%,0.317,0.266,0.259,0.316,0.576,0.36,0.318,117,1.6,6.6,-4,1,15482
Curt Casali,CIN,84,236,8,24,32,0,10.60%,25.00%,0.159,0.308,0.251,0.331,0.411,0.316,0.301,88,1.5,-2.3,4.5,1,12510
Cesar Puello,- - -,44,147,4,14,18,0,6.80%,25.90%,0.136,0.325,0.248,0.356,0.384,0.325,0.313,103,0,0.3,4.5,1,7216
Didi Gregorius,NYY,82,344,16,47,61,2,4.90%,15.40%,0.204,0.237,0.238,0.276,0.441,0.297,0.279,84,1.1,-6,3.6,0.9,6012
Pablo Sandoval,SFG,108,296,14,42,41,1,6.10%,22.60%,0.239,0.304,0.268,0.313,0.507,0.336,0.331,110,-0.6,3.1,-3.1,0.9,5409
Jake Cave,MIN,72,228,8,28,25,0,9.20%,31.10%,0.197,0.358,0.258,0.351,0.455,0.343,0.355,114,0.7,4.8,-3.2,0.9,14477
Josh Reddick,HOU,141,550,14,57,56,5,6.50%,12.00%,0.134,0.288,0.275,0.319,0.409,0.308,0.307,92,0.4,-4.9,-4.9,0.9,3892
Myles Straw,HOU,56,128,0,27,7,8,14.80%,18.80%,0.074,0.345,0.269,0.378,0.343,0.323,0.314,103,2.8,3.2,1.7,0.9,17620
Adam Haseley,PHI,67,242,5,30,26,4,5.80%,24.80%,0.131,0.344,0.266,0.324,0.396,0.309,0.265,87,1.5,-2.7,4,0.9,19878
Yolmer Sanchez,CHW,149,555,2,59,43,5,7.90%,21.10%,0.069,0.324,0.252,0.318,0.321,0.281,0.269,73,2,-17.3,7,0.9,11602
Ender Inciarte,ATL,65,230,5,30,24,7,11.30%,17.80%,0.151,0.286,0.246,0.343,0.397,0.318,0.289,92,2.6,0.3,1.4,0.9,4922
Tim Locastro,ARI,91,250,1,38,17,17,5.60%,17.60%,0.09,0.31,0.25,0.357,0.34,0.314,0.288,90,5.2,1.8,-0.9,0.9,15124
Ben Gamel,MIL,134,356,7,47,33,2,11.20%,29.20%,0.125,0.347,0.248,0.337,0.373,0.308,0.293,87,2.5,-3.7,1,0.9,12160
A.J. Pollock,LAD,86,342,15,49,47,5,6.70%,21.60%,0.201,0.3,0.266,0.327,0.468,0.333,0.329,107,1.9,4.9,-7.2,0.9,9256
Stephen Vogt,SFG,99,280,10,30,40,3,7.10%,23.60%,0.227,0.311,0.263,0.314,0.49,0.331,0.328,106,0.3,2.6,-2.8,0.9,5000
Austin Romine,NYY,73,240,8,29,35,1,4.20%,20.80%,0.158,0.327,0.281,0.31,0.439,0.315,0.301,96,-2.2,-3.5,3.9,0.9,5491
Jesse Winker,CIN,113,384,16,51,38,0,9.90%,15.60%,0.204,0.286,0.269,0.357,0.473,0.351,0.336,111,-4.1,1.5,-5.2,0.9,13590
Dominic Smith,NYM,89,197,11,35,25,1,9.60%,22.30%,0.243,0.32,0.282,0.355,0.525,0.368,0.32,134,-1.6,7.1,-4.8,0.9,15653
Robinson Cano,NYM,107,423,13,46,39,0,5.90%,16.30%,0.172,0.28,0.256,0.307,0.428,0.308,0.328,94,-2.3,-5.6,0.3,0.8,3269
Chad Pinder,OAK,124,370,13,45,47,0,5.40%,23.80%,0.176,0.284,0.24,0.29,0.416,0.298,0.307,87,-1.5,-7.6,3.1,0.8,15191
Yan Gomes,WSN,97,358,12,36,43,2,10.60%,23.50%,0.166,0.265,0.223,0.316,0.389,0.298,0.299,80,-2.1,-11.6,8.4,0.8,9627
Mike Ford,NYY,50,163,12,30,25,0,10.40%,17.20%,0.301,0.243,0.259,0.35,0.559,0.372,0.357,134,0.3,7.5,-4.8,0.8,15585
Robbie Grossman,OAK,138,482,6,57,38,9,12.20%,17.80%,0.107,0.288,0.24,0.334,0.348,0.299,0.324,88,0,-7.4,-1.1,0.8,5254
Delino DeShields,TEX,118,408,4,42,32,24,9.30%,24.50%,0.098,0.333,0.249,0.325,0.347,0.295,0.266,72,4.8,-9.6,3.5,0.8,11379
Adam Engel,CHW,89,248,6,26,26,3,5.60%,31.50%,0.141,0.343,0.242,0.304,0.383,0.296,0.274,83,1.6,-4,3.4,0.8,15082
Adeiny Hechavarria,- - -,84,221,9,34,33,3,6.30%,21.70%,0.202,0.272,0.241,0.299,0.443,0.312,0.286,94,0.7,-1.1,1.6,0.8,10459
Martin Maldonado,- - -,105,374,12,46,27,0,8.60%,23.00%,0.165,0.25,0.213,0.293,0.378,0.288,0.293,76,-3.1,-14.8,9.3,0.7,6887
Adam Duvall,ATL,41,130,10,17,19,0,5.40%,30.00%,0.3,0.306,0.267,0.315,0.567,0.36,0.314,120,1.1,4.6,-1.4,0.7,10950
Shed Long Jr.,SEA,42,168,5,21,15,3,9.50%,23.80%,0.191,0.327,0.263,0.333,0.454,0.333,0.264,112,1.1,3.7,-2.3,0.7,16542
Ryan McMahon,COL,141,539,24,70,83,5,10.40%,29.70%,0.2,0.323,0.25,0.329,0.45,0.33,0.323,89,0.1,-7.8,-2.6,0.7,15112
Anthony Santander,BAL,93,405,20,46,59,1,4.70%,21.20%,0.216,0.285,0.261,0.297,0.476,0.321,0.315,97,-0.2,-1.7,-5.3,0.7,14551
Austin Slater,SFG,68,192,5,20,21,1,11.50%,30.70%,0.179,0.337,0.238,0.333,0.417,0.32,0.326,99,1.7,1.4,-0.6,0.7,16153
Austin Barnes,LAD,75,242,5,28,25,3,9.50%,23.10%,0.137,0.248,0.203,0.293,0.34,0.272,0.253,67,-0.9,-11.5,10.6,0.7,12158
Mitch Moreland,BOS,91,335,19,48,58,1,10.10%,22.10%,0.255,0.271,0.252,0.328,0.507,0.347,0.351,112,-2.1,3.2,-8,0.7,3086
Mike Brosseau,TBR,51,142,6,17,16,1,4.90%,27.50%,0.189,0.345,0.273,0.319,0.462,0.329,0.268,110,1.2,3,-1,0.7,19683
Kurt Suzuki,WSN,85,309,17,37,63,0,6.50%,11.70%,0.221,0.248,0.264,0.324,0.486,0.337,0.34,105,-0.5,1.6,-4.9,0.7,8259
Michael Chavis,BOS,95,382,18,46,58,2,8.10%,33.20%,0.19,0.347,0.254,0.322,0.444,0.323,0.285,96,-2.3,-4.3,-2.4,0.7,17321
Jordy Mercer,DET,74,271,9,24,22,0,4.80%,21.00%,0.168,0.316,0.27,0.31,0.438,0.314,0.313,94,0.3,-1.7,-1.2,0.6,6547
Dustin Garneau,- - -,35,101,3,14,14,0,9.90%,21.80%,0.163,0.295,0.244,0.35,0.407,0.33,0.29,105,-1.4,-0.7,3.7,0.6,9433
Tucker Barnhart,CIN,114,364,11,32,40,1,12.10%,22.80%,0.149,0.278,0.231,0.328,0.38,0.301,0.272,78,-3.5,-14,8.6,0.6,10200
Nick Senzel,CIN,104,414,12,55,42,14,7.20%,24.40%,0.171,0.319,0.256,0.315,0.427,0.315,0.294,87,-0.4,-7.3,0.2,0.6,19293
Ehire Adrianza,MIN,84,236,5,34,22,0,8.50%,16.90%,0.144,0.311,0.272,0.349,0.416,0.326,0.321,102,0,0.7,-2.7,0.6,8418
Wil Myers,SDP,155,490,18,58,53,16,10.40%,34.30%,0.179,0.344,0.239,0.321,0.418,0.316,0.314,97,-0.6,-2.6,-7.1,0.6,10047
Joey Wendle,TBR,75,263,3,32,19,8,5.30%,17.90%,0.109,0.272,0.231,0.293,0.34,0.275,0.292,73,1.6,-7.5,4.5,0.6,13853
Jay Bruce,- - -,98,333,26,43,59,1,5.70%,24.60%,0.306,0.2,0.216,0.261,0.523,0.318,0.334,98,-0.4,-1.5,-3.9,0.6,9892
Trent Grisham,MIL,51,183,6,24,24,1,10.90%,26.20%,0.179,0.286,0.231,0.328,0.41,0.316,0.303,92,0.7,-1.3,1.3,0.6,18564
Francisco Mejia,SDP,79,244,8,27,22,1,5.30%,23.00%,0.173,0.319,0.265,0.316,0.438,0.317,0.272,97,-1.2,-2,-0.1,0.6,16403
Stephen Piscotty,OAK,93,393,13,46,44,2,7.40%,21.40%,0.162,0.289,0.249,0.309,0.412,0.306,0.313,93,0.7,-2.9,-5.2,0.6,13367
Matt Beaty,LAD,99,268,9,36,46,5,6.30%,12.30%,0.193,0.275,0.265,0.317,0.458,0.324,0.315,101,0.1,0.4,-3.4,0.6,17710
Renato Nunez,BAL,151,599,31,72,90,1,7.30%,23.90%,0.216,0.272,0.244,0.311,0.46,0.323,0.332,99,0.3,-0.8,-14.7,0.5,14503
Randal Grichuk,TOR,151,628,31,75,80,2,5.60%,26.00%,0.225,0.266,0.232,0.28,0.457,0.307,0.299,90,-3.8,-12.1,-4.5,0.5,10243
Phillip Ervin,CIN,94,260,7,30,23,4,6.90%,24.20%,0.195,0.339,0.271,0.331,0.466,0.334,0.291,100,0.4,0.4,-3.4,0.5,14738
Joey Votto,CIN,142,608,15,79,47,5,12.50%,20.20%,0.15,0.313,0.261,0.357,0.411,0.332,0.341,98,-3.9,-5.3,-9.4,0.5,4314
Pedro Severino,BAL,96,341,13,37,44,3,8.50%,21.40%,0.17,0.285,0.249,0.321,0.42,0.316,0.335,94,-2.1,-4.8,-2,0.5,14523
Willie Calhoun,TEX,83,337,21,51,48,0,6.80%,15.70%,0.256,0.262,0.269,0.323,0.524,0.351,0.32,110,-2.2,2.3,-9,0.5,17838
Addison Russell,CHC,82,241,9,25,23,2,8.30%,24.10%,0.153,0.28,0.237,0.308,0.391,0.297,0.285,79,0.6,-6,3.3,0.5,14106
Nathaniel Lowe,TBR,50,169,7,24,19,0,7.70%,29.60%,0.191,0.34,0.263,0.325,0.454,0.328,0.329,109,1.3,3.3,-4.1,0.5,19566
Dee Gordon,SEA,117,421,3,36,34,22,4.30%,14.50%,0.084,0.313,0.275,0.304,0.359,0.282,0.25,77,2.9,-9.3,-0.5,0.5,8203
Nomar Mazara,TEX,116,469,19,69,66,4,6.00%,23.00%,0.2,0.312,0.268,0.318,0.469,0.327,0.332,94,-0.1,-3.6,-8.1,0.5,14553
Alex Dickerson,- - -,68,190,6,29,28,1,6.80%,22.10%,0.213,0.331,0.276,0.332,0.489,0.341,0.345,112,-0.7,2.4,-3.8,0.5,12649
Tim Lopes,SEA,41,128,1,11,12,6,11.70%,22.70%,0.09,0.354,0.27,0.359,0.36,0.318,0.279,101,0.7,0.9,-0.8,0.4,14137
Nick Solak,TEX,33,135,5,19,17,2,11.10%,21.50%,0.198,0.354,0.293,0.393,0.491,0.375,0.335,126,-0.2,4.4,-4.7,0.4,19294
Dylan Moore,SEA,113,282,9,31,28,11,8.90%,33.00%,0.182,0.29,0.206,0.302,0.389,0.299,0.275,88,-0.7,-5,-0.6,0.4,18042
Billy Hamilton,- - -,119,353,0,41,15,22,9.10%,24.60%,0.057,0.299,0.218,0.289,0.275,0.251,0.242,49,5.8,-17.1,9.2,0.4,10199
Brandon Belt,SFG,156,616,17,76,57,4,13.50%,20.60%,0.169,0.275,0.234,0.339,0.403,0.319,0.346,98,-1.6,-3.1,-12.9,0.4,10264
Vladimir Guerrero Jr.,TOR,123,514,15,52,69,0,8.90%,17.70%,0.162,0.308,0.272,0.339,0.433,0.329,0.326,105,-6.6,-3.4,-10.6,0.4,19611
Harold Ramirez,MIA,119,446,11,54,50,2,4.00%,20.40%,0.14,0.328,0.276,0.312,0.416,0.308,0.301,92,0.5,-4.1,-6.5,0.4,14387
Neil Walker,MIA,115,381,8,37,38,3,11.00%,20.20%,0.134,0.316,0.261,0.344,0.395,0.319,0.339,99,-1,-1.3,-7.1,0.4,7539
Jose Martinez,STL,128,373,10,45,42,3,9.40%,22.00%,0.141,0.328,0.269,0.34,0.41,0.323,0.346,102,-0.6,0.1,-8.4,0.4,7996
Tim Beckham,SEA,88,328,15,39,47,1,6.40%,31.10%,0.224,0.305,0.237,0.293,0.461,0.315,0.288,99,-2.4,-2.7,-4.9,0.4,7949
Sean Rodriguez,PHI,76,139,4,24,12,1,13.70%,29.50%,0.152,0.309,0.223,0.348,0.375,0.319,0.3,94,-0.2,-1.4,0.6,0.4,6589
Mike Zunino,TBR,90,289,9,30,32,0,6.90%,33.90%,0.147,0.22,0.165,0.232,0.312,0.235,0.273,46,0.6,-19.3,12.7,0.4,13265
Rio Ruiz,BAL,127,413,12,35,46,0,9.70%,21.30%,0.143,0.272,0.232,0.306,0.376,0.294,0.291,79,-3.2,-14.3,3.3,0.3,14103
Brandon Crawford,SFG,147,560,11,58,59,3,9.50%,20.90%,0.122,0.274,0.228,0.304,0.35,0.281,0.303,73,-0.9,-20.8,5.9,0.3,5343
Tyler Wade,NYY,43,108,2,16,11,7,10.20%,25.90%,0.117,0.328,0.245,0.33,0.362,0.303,0.258,88,2.5,0.8,-1.2,0.3,15730
Cam Gallagher,KCR,45,142,3,14,12,0,7.70%,19.70%,0.127,0.281,0.238,0.312,0.365,0.294,0.255,79,-3.1,-6.9,5.3,0.3,12981
Nick Markakis,ATL,116,469,9,61,62,2,10.00%,12.60%,0.135,0.31,0.285,0.356,0.42,0.332,0.349,101,-1.9,-1,-11,0.3,5930
C.J. Cron,MIN,125,499,25,51,78,0,5.80%,21.40%,0.216,0.277,0.253,0.311,0.469,0.325,0.362,101,-5.6,-4.7,-9.5,0.3,12546
Rougned Odor,TEX,145,581,30,77,93,11,9.00%,30.60%,0.234,0.244,0.205,0.283,0.439,0.302,0.315,77,2.2,-14.9,-2.3,0.3,12282
Guillermo Heredia,TBR,89,231,5,31,20,2,7.80%,26.00%,0.137,0.293,0.225,0.306,0.363,0.291,0.299,84,1,-3.8,-1.3,0.3,18721
Jeimer Candelario,DET,94,386,8,33,32,3,11.10%,25.60%,0.134,0.262,0.203,0.306,0.337,0.283,0.306,73,0.3,-13,2.5,0.3,13621
Tyler Austin,- - -,89,179,9,30,24,2,13.40%,37.40%,0.221,0.253,0.188,0.296,0.409,0.298,0.313,84,3.3,-0.4,-2.4,0.3,11850
Josh Phegley,OAK,106,342,12,44,62,0,4.40%,18.40%,0.172,0.258,0.239,0.282,0.411,0.291,0.283,83,-4,-11.6,2.5,0.3,9308
Kevin Plawecki,CLE,60,174,3,13,17,0,6.90%,17.80%,0.12,0.256,0.222,0.287,0.342,0.273,0.283,67,-1.3,-8.8,5.4,0.3,13807
Charlie Culberson,ATL,108,144,5,14,20,0,4.20%,30.60%,0.178,0.345,0.259,0.294,0.437,0.306,0.279,84,0,-3,1,0.3,3298
Tony Kemp,- - -,110,279,8,31,29,4,8.20%,16.80%,0.167,0.227,0.212,0.291,0.38,0.285,0.249,76,-1.3,-10.1,3,0.2,14894
Ben Zobrist,CHC,47,176,1,24,17,0,13.10%,13.60%,0.053,0.299,0.26,0.358,0.313,0.303,0.299,83,-1.9,-5.8,2.4,0.2,7435
Ronny Rodriguez,DET,84,294,14,29,43,3,4.40%,27.90%,0.217,0.254,0.221,0.252,0.438,0.283,0.279,73,1.6,-8.6,0.6,0.2,11875
Andrew Knapp,PHI,74,160,2,12,8,0,11.30%,31.90%,0.11,0.325,0.213,0.318,0.324,0.282,0.294,69,0.4,-6,3,0.2,14942
Mauricio Dubon,- - -,30,111,4,12,9,3,4.50%,18.00%,0.16,0.305,0.274,0.306,0.434,0.312,0.273,94,0.3,-0.6,-0.9,0.2,16530
Austin Riley,ATL,80,297,18,41,49,0,5.40%,36.40%,0.245,0.293,0.226,0.279,0.471,0.307,0.306,85,-1.1,-7,-0.6,0.2,18360
Logan Forsythe,TEX,101,367,7,38,39,2,12.00%,27.20%,0.126,0.307,0.227,0.325,0.353,0.298,0.316,75,0.1,-11.7,0.7,0.2,7185
Justin Smoak,TOR,121,500,22,54,61,0,15.80%,21.20%,0.198,0.223,0.208,0.342,0.406,0.323,0.366,101,-4.5,-3.9,-11.8,0.2,9054
Joe Panik,- - -,142,491,5,50,39,4,8.80%,9.60%,0.091,0.262,0.244,0.315,0.336,0.284,0.302,76,-2.3,-18.1,3.8,0.2,11936
Greg Allen,CLE,89,256,4,30,27,8,4.30%,20.70%,0.117,0.28,0.229,0.29,0.346,0.274,0.269,67,0.6,-10.1,3,0.2,16623
Ryan Goins,CHW,52,163,2,13,10,0,10.40%,27.00%,0.097,0.347,0.25,0.333,0.347,0.298,0.256,84,-1.4,-4.7,0.8,0.2,9807
Luis Urias,SDP,71,249,4,27,24,0,10.00%,22.50%,0.102,0.284,0.223,0.329,0.326,0.294,0.303,82,-2,-7.8,1.3,0.2,16622
Josh VanMeter,CIN,95,260,8,33,23,9,11.20%,21.50%,0.171,0.279,0.237,0.327,0.408,0.316,0.319,88,-0.9,-5,-2,0.1,15170
Roman Quinn,PHI,44,122,4,18,11,8,9.80%,27.90%,0.157,0.271,0.213,0.298,0.37,0.289,0.257,74,2.2,-1.9,-0.8,0.1,13546
Ryan Zimmerman,WSN,52,190,6,20,27,0,8.90%,20.50%,0.158,0.297,0.257,0.321,0.415,0.313,0.325,90,0.7,-1.9,-3.1,0.1,4220
Clint Frazier,NYY,69,246,12,31,38,1,6.50%,28.50%,0.222,0.329,0.267,0.317,0.489,0.333,0.319,108,-1.2,1.3,-8.8,0.1,15983
Rowdy Tellez,TOR,111,409,21,49,54,1,7.10%,28.40%,0.222,0.267,0.227,0.293,0.449,0.308,0.328,91,-1.6,-6.5,-6.8,0.1,15679
Francisco Cervelli,- - -,48,160,3,15,12,1,8.10%,25.60%,0.135,0.278,0.213,0.302,0.348,0.285,0.282,73,-1.9,-7.6,3.5,0.1,5275
Colin Moran,PIT,149,503,13,46,80,0,6.00%,23.30%,0.152,0.341,0.277,0.322,0.429,0.315,0.31,93,-3.4,-7.8,-7.8,0.1,16909
Cory Spangenberg,MIL,32,102,2,11,10,3,5.90%,35.30%,0.126,0.351,0.232,0.277,0.358,0.267,0.221,60,0.6,-4.8,2.4,0.1,12294
Mallex Smith,SEA,134,566,6,70,37,46,7.40%,24.90%,0.108,0.302,0.227,0.3,0.335,0.278,0.25,74,8.5,-10.1,-9.3,0.1,13608
Domingo Santana,SEA,121,507,21,63,69,8,9.90%,32.30%,0.188,0.347,0.253,0.329,0.441,0.326,0.334,107,0.5,5.1,-22.4,0.1,10348
Tyler O'Neill,STL,60,151,5,18,16,1,6.60%,35.10%,0.149,0.386,0.262,0.311,0.411,0.308,0.273,92,0.1,-1.5,-2.9,0.1,15711
Ty France,SDP,69,201,7,20,24,0,4.50%,24.40%,0.168,0.279,0.234,0.294,0.402,0.296,0.296,84,-3.5,-7.7,1.5,0,17982
Cole Tucker,PIT,56,159,2,16,13,0,6.30%,25.20%,0.15,0.276,0.211,0.266,0.361,0.264,0.278,60,0.9,-7.4,2.5,0,17326
Matt Thaiss,LAA,53,164,8,17,23,0,10.40%,31.70%,0.211,0.264,0.211,0.293,0.422,0.303,0.286,86,-1.6,-4.4,-1.2,0,19318
Josh Rojas,ARI,41,157,2,17,16,4,11.50%,26.10%,0.094,0.295,0.217,0.312,0.312,0.279,0.32,67,-0.8,-7.6,2.6,0,19734
Billy McKinney,TOR,84,276,12,37,28,0,6.90%,26.40%,0.207,0.25,0.215,0.274,0.422,0.291,0.277,79,-0.4,-7.6,-2.2,0,15654
Jose Osuna,PIT,95,285,10,41,36,0,6.30%,16.80%,0.192,0.285,0.264,0.31,0.456,0.32,0.32,96,-1.3,-2.7,-6.8,0,12937
Derek Fisher,- - -,57,167,7,23,17,5,12.60%,34.10%,0.185,0.244,0.185,0.287,0.37,0.285,0.297,75,0.1,-5.2,-1,0,16192
Jake Lamb,ARI,78,226,6,26,30,1,14.20%,24.30%,0.16,0.234,0.193,0.323,0.353,0.297,0.344,79,1.5,-4.9,-2.8,0,13329
Ildemaro Vargas,ARI,92,211,6,25,24,1,4.30%,11.40%,0.144,0.279,0.269,0.299,0.413,0.3,0.286,81,-0.5,-5.8,-1.5,0,13324
Joey Rickard,- - -,68,189,3,14,10,4,9.50%,26.50%,0.131,0.304,0.226,0.312,0.357,0.29,0.275,77,0.6,-4.9,-2.3,-0.1,13277
Brandon Dixon,DET,118,420,15,41,52,5,5.00%,32.40%,0.187,0.336,0.248,0.29,0.435,0.303,0.299,87,1.1,-6,-9.5,-0.1,15214
Daniel Murphy,COL,132,478,13,56,78,1,6.70%,15.50%,0.174,0.307,0.279,0.328,0.452,0.328,0.289,88,-0.8,-8.5,-7.9,-0.1,4316
Gordon Beckham,DET,83,240,6,29,15,3,5.40%,28.30%,0.157,0.282,0.215,0.271,0.372,0.274,0.274,67,-0.1,-10.2,0.8,-0.1,9015
Erik Gonzalez,PIT,53,156,1,15,6,4,5.80%,23.70%,0.063,0.333,0.254,0.301,0.317,0.262,0.242,59,-0.2,-8.8,2.7,-0.1,13369
Matt Adams,WSN,111,333,20,42,56,0,6.00%,34.50%,0.239,0.284,0.226,0.276,0.465,0.306,0.319,85,-1.2,-7.8,-4.1,-0.1,9393
Jesus Aguilar,- - -,131,369,12,39,50,0,11.70%,22.00%,0.153,0.272,0.236,0.325,0.389,0.307,0.335,89,-1.9,-7.4,-5.9,-0.1,11342
Willi Castro,DET,30,110,1,10,8,0,5.50%,30.90%,0.11,0.333,0.23,0.284,0.34,0.27,0.24,64,-1.4,-6.4,1.5,-0.1,17338
Josh Naylor,SDP,94,279,8,29,32,1,9.00%,22.90%,0.154,0.302,0.249,0.315,0.403,0.306,0.294,90,-0.1,-3.6,-6.8,-0.1,18839
Gerardo Parra,- - -,119,301,9,38,48,8,6.30%,19.60%,0.157,0.264,0.234,0.293,0.391,0.288,0.294,74,-1.4,-11.6,0.4,-0.1,8553
Jace Peterson,BAL,29,108,2,14,11,4,5.60%,22.20%,0.11,0.267,0.22,0.269,0.33,0.258,0.291,54,1.6,-4.7,-0.5,-0.1,12325
Kyle Farmer,CIN,97,197,9,22,27,4,5.10%,29.90%,0.18,0.284,0.23,0.279,0.41,0.289,0.28,70,1.6,-6.1,-1.7,-0.1,14813
Ryon Healy,SEA,47,187,7,24,26,0,7.00%,21.40%,0.219,0.262,0.237,0.289,0.456,0.308,0.303,94,-2.3,-3.6,-4.4,-0.1,15447
Garrett Hampson,COL,105,327,8,40,27,15,7.30%,26.90%,0.137,0.322,0.247,0.302,0.385,0.292,0.259,64,4.2,-11.2,-1,-0.1,19262
Ian Kinsler,SDP,87,281,9,28,22,2,6.80%,19.20%,0.151,0.24,0.217,0.278,0.368,0.277,0.249,71,-3.2,-13.9,3.1,-0.2,6195
Nick Martini,- - -,32,109,1,8,7,0,12.80%,23.90%,0.097,0.299,0.226,0.33,0.323,0.291,0.288,81,0.9,-1.8,-3.5,-0.2,12005
Wilmer Difo,WSN,43,144,2,15,8,0,8.30%,20.10%,0.061,0.31,0.252,0.315,0.313,0.27,0.261,61,-0.3,-7.7,1.2,-0.2,14320
Jake Bauers,CLE,117,423,12,46,43,3,10.60%,27.20%,0.145,0.29,0.226,0.312,0.371,0.296,0.291,82,1,-8.7,-8,-0.2,15194
JaCoby Jones,DET,88,333,11,39,26,7,8.10%,28.20%,0.195,0.304,0.235,0.31,0.43,0.311,0.317,92,1,-2.3,-11.3,-0.2,14818
Yairo Munoz,STL,88,181,2,20,13,8,3.90%,20.40%,0.087,0.328,0.267,0.298,0.355,0.281,0.243,74,-0.2,-6.4,-1.4,-0.2,16313
Jose Trevino,TEX,40,126,2,18,13,0,2.40%,21.40%,0.125,0.312,0.258,0.272,0.383,0.274,0.256,59,-3.7,-10.3,3.9,-0.2,16725
Adam Jones,ARI,137,528,16,66,67,2,5.90%,19.10%,0.155,0.296,0.26,0.313,0.414,0.308,0.315,86,-2,-11.7,-7.5,-0.2,6368
Gregory Polanco,PIT,42,167,6,23,17,3,7.20%,29.30%,0.183,0.316,0.242,0.301,0.425,0.305,0.291,87,0.2,-2.7,-4.8,-0.2,12907
Ian Desmond,COL,140,482,20,64,65,3,7.10%,24.70%,0.223,0.304,0.255,0.31,0.479,0.328,0.336,88,-1.7,-9.6,-8.3,-0.2,6885
Charlie Tilson,CHW,54,157,1,16,12,4,6.40%,24.20%,0.056,0.305,0.229,0.293,0.285,0.256,0.273,56,3.2,-5.7,-1.9,-0.2,12983
Chance Sisco,BAL,59,198,8,29,20,0,11.10%,30.80%,0.186,0.276,0.21,0.333,0.395,0.319,0.33,96,-0.4,-1.6,-7.5,-0.2,15694
Willians Astudillo,MIN,58,204,4,28,21,0,2.50%,3.90%,0.111,0.258,0.268,0.299,0.379,0.288,0.311,77,-2.4,-8.5,-1,-0.2,15608
Hernan Perez,MIL,91,246,8,29,18,5,4.50%,26.80%,0.151,0.283,0.228,0.262,0.379,0.271,0.253,62,-1.8,-14.1,3.7,-0.2,5751
Harold Castro,DET,97,369,5,30,38,4,2.40%,23.30%,0.093,0.367,0.291,0.305,0.384,0.292,0.274,79,0.8,-9,-6.4,-0.2,14691
Nicky Lopez,KCR,103,402,2,44,30,1,4.50%,12.70%,0.084,0.273,0.24,0.276,0.325,0.26,0.234,56,-0.6,-23.4,6.9,-0.2,19339
Sandy Leon,BOS,65,191,5,14,19,0,6.80%,24.60%,0.105,0.231,0.192,0.251,0.297,0.239,0.22,39,-0.2,-15,5.8,-0.2,5273
Matt Wieters,STL,67,183,11,15,27,1,6.60%,25.70%,0.22,0.223,0.214,0.268,0.435,0.292,0.284,81,-0.8,-5.3,-3.2,-0.2,4298
Eric Hosmer,SDP,160,667,22,72,99,0,6.00%,24.40%,0.16,0.323,0.265,0.31,0.425,0.309,0.305,92,-5.2,-12.1,-12.4,-0.3,3516
Matt Duffy,TBR,46,169,1,12,12,0,11.20%,17.20%,0.075,0.305,0.252,0.343,0.327,0.299,0.31,90,-2,-4.3,-4.4,-0.3,13836
Ryan Cordell,CHW,97,247,7,22,24,3,7.70%,27.90%,0.134,0.287,0.221,0.29,0.355,0.279,0.271,71,0.1,-8.9,-2.6,-0.3,15181
Daniel Robertson,TBR,74,237,2,23,19,2,10.10%,24.90%,0.082,0.288,0.213,0.312,0.295,0.275,0.278,73,-2.9,-11.1,0,-0.3,14145
D.J. Stewart,BAL,44,142,4,15,15,1,9.90%,18.30%,0.143,0.268,0.238,0.317,0.381,0.299,0.305,82,-1,-4.3,-3.6,-0.3,17766
Miguel Cabrera,DET,136,549,12,41,59,0,8.70%,19.70%,0.116,0.336,0.282,0.346,0.398,0.318,0.326,97,-6.3,-8.4,-13.9,-0.3,1744
Kevan Smith,LAA,67,211,5,21,20,2,7.60%,17.50%,0.141,0.287,0.251,0.318,0.393,0.305,0.347,88,-1.8,-5,-5.5,-0.3,12284
Justin Upton,LAA,63,256,12,34,40,1,12.50%,30.50%,0.201,0.261,0.215,0.309,0.416,0.307,0.317,89,-0.4,-4,-8.2,-0.3,5222
Bryan Holaday,MIA,43,129,4,12,12,0,8.50%,16.30%,0.157,0.308,0.278,0.344,0.435,0.326,0.276,104,-3.6,-2.9,-4.7,-0.3,11287
Ronald Guzman,TEX,87,295,10,34,36,1,10.80%,29.50%,0.195,0.282,0.219,0.308,0.414,0.306,0.323,80,-4.1,-11.7,-2.1,-0.3,14388
Luke Maile,TOR,45,129,2,9,9,1,6.20%,25.60%,0.084,0.19,0.151,0.205,0.235,0.194,0.257,14,1.4,-12.9,4.9,-0.3,13355
Travis Demeritte,DET,48,186,3,24,10,3,7.50%,33.90%,0.118,0.337,0.225,0.286,0.343,0.272,0.278,66,1.2,-6.9,-3.2,-0.3,15958
Max Stassi,- - -,51,147,1,7,5,0,8.20%,33.30%,0.03,0.202,0.136,0.211,0.167,0.177,0.229,3,-1.4,-19.5,10.8,-0.3,10059
Zack Collins,CHW,27,102,3,10,12,0,13.70%,38.20%,0.163,0.295,0.186,0.307,0.349,0.285,0.313,76,-0.4,-3.5,-3.7,-0.4,19181
Odubel Herrera,PHI,39,139,1,12,16,2,7.90%,23.70%,0.119,0.29,0.222,0.288,0.341,0.272,0.273,63,0.5,-6.3,-2.1,-0.4,11476
Orlando Arcia,MIL,152,546,15,51,59,8,7.90%,20.00%,0.128,0.253,0.223,0.283,0.35,0.269,0.271,61,0.9,-27.3,5.4,-0.4,13185
Tony Wolters,COL,121,411,1,42,42,0,8.80%,16.50%,0.067,0.314,0.262,0.337,0.329,0.29,0.285,63,-1.5,-21.5,3.5,-0.4,11470
Marco Hernandez,BOS,61,155,2,18,11,1,1.90%,27.10%,0.088,0.337,0.25,0.279,0.338,0.266,0.216,57,-1.3,-9.8,-0.2,-0.4,13154
Tomas Nido,NYM,50,144,4,9,14,0,4.90%,25.70%,0.125,0.232,0.191,0.231,0.316,0.227,0.23,41,-2.4,-13.6,4.4,-0.4,13755
Leonys Martin,CLE,65,264,9,32,19,4,8.00%,29.50%,0.144,0.255,0.199,0.276,0.343,0.269,0.256,64,0.6,-11.6,-2.3,-0.4,11846
Justin Bour,LAA,52,170,8,18,26,0,10.00%,30.60%,0.192,0.196,0.172,0.259,0.364,0.267,0.283,62,-1.3,-9.6,-1.1,-0.5,9744
Bubba Starling,KCR,56,197,4,26,12,2,4.60%,28.40%,0.102,0.286,0.215,0.255,0.317,0.247,0.239,47,1.2,-12.1,0.2,-0.5,13356
Chris Iannetta,COL,52,164,6,20,21,0,11.00%,32.90%,0.194,0.306,0.222,0.311,0.417,0.303,0.315,72,-2.2,-8.3,-2.2,-0.5,8267
Scooter Gennett,- - -,42,139,2,15,11,0,1.40%,29.50%,0.098,0.304,0.226,0.245,0.323,0.241,0.225,43,-0.1,-10.6,0.8,-0.5,10339
Steven Duggar,SFG,73,281,4,26,28,1,5.70%,27.80%,0.107,0.313,0.234,0.278,0.341,0.265,0.264,63,-1,-14.7,0.3,-0.5,17719
Maikel Franco,PHI,123,428,17,48,56,0,8.40%,14.30%,0.175,0.236,0.234,0.297,0.409,0.281,0.295,69,-3.2,-20.7,1.5,-0.5,12179
Mac Williamson,- - -,40,144,4,13,17,2,9.70%,30.60%,0.102,0.2,0.156,0.25,0.258,0.23,0.26,42,-0.4,-11.4,0.9,-0.5,14158
Carlos Gonzalez,- - -,45,166,3,21,10,0,10.80%,31.30%,0.083,0.283,0.2,0.289,0.283,0.254,0.271,53,-0.9,-11,-0.3,-0.5,7287
Johan Camargo,ATL,98,248,7,31,32,1,6.00%,17.30%,0.151,0.258,0.233,0.279,0.384,0.279,0.284,66,0.5,-10.5,-3.2,-0.5,14950
Pablo Reyes,PIT,71,157,2,18,19,1,8.30%,22.90%,0.119,0.257,0.203,0.274,0.322,0.26,0.234,57,1.8,-7.1,-3.7,-0.5,16357
Rosell Herrera,MIA,63,119,2,10,11,4,9.20%,22.70%,0.114,0.25,0.2,0.288,0.314,0.263,0.26,63,1.1,-4.7,-4.9,-0.6,11611
Albert Pujols,LAA,131,545,23,55,93,3,7.90%,12.50%,0.185,0.238,0.244,0.305,0.43,0.308,0.313,90,-4.4,-11.4,-13.9,-0.6,1177
Jake Rogers,DET,35,128,4,11,8,0,10.20%,39.80%,0.134,0.175,0.125,0.222,0.259,0.216,0.205,28,-1.2,-13.1,2.5,-0.6,19452
Yonathan Daza,COL,44,105,0,7,3,1,6.70%,20.00%,0.031,0.26,0.206,0.257,0.237,0.221,0.226,18,0.4,-10.9,1.3,-0.6,15794
Dawel Lugo,DET,77,288,6,28,26,0,2.80%,20.50%,0.136,0.288,0.245,0.271,0.381,0.272,0.278,66,-1.9,-14.5,-1.8,-0.6,14713
Brandon Drury,TOR,120,447,15,43,41,0,5.60%,25.30%,0.163,0.259,0.218,0.262,0.38,0.271,0.306,66,1.6,-18.1,-3.9,-0.6,11615
JT Riddle,MIA,51,139,6,15,12,0,3.60%,30.20%,0.182,0.226,0.189,0.23,0.371,0.25,0.256,54,-0.2,-8.7,-2.2,-0.6,17642
Josh Harrison,DET,36,147,1,10,8,4,4.10%,18.40%,0.088,0.207,0.175,0.218,0.263,0.208,0.291,22,-0.6,-15.2,3.6,-0.6,8202
Jonathan Lucroy,- - -,101,328,8,30,36,0,8.20%,15.50%,0.123,0.253,0.232,0.305,0.355,0.286,0.288,74,-5.8,-16.8,-1.3,-0.6,7870
Jedd Gyorko,- - -,62,101,2,6,9,2,8.90%,23.80%,0.076,0.212,0.174,0.248,0.25,0.224,0.276,36,-0.5,-9,-1,-0.7,10816
Stevie Wilkerson,BAL,119,361,10,41,35,3,6.10%,29.90%,0.158,0.3,0.225,0.286,0.383,0.286,0.254,73,-0.1,-12.4,-7.1,-0.7,16041
Jose Rondon,- - -,56,157,3,10,9,0,7.00%,24.20%,0.084,0.245,0.196,0.263,0.28,0.241,0.255,46,-0.8,-11.7,-0.8,-0.7,14140
Humberto Arteaga,KCR,41,135,0,11,4,1,5.90%,20.70%,0.033,0.255,0.197,0.258,0.23,0.221,0.251,30,0.6,-11.5,-0.3,-0.7,13595
Jose Peraza,CIN,141,403,6,37,33,7,4.20%,14.40%,0.106,0.268,0.239,0.285,0.346,0.272,0.284,59,-1,-22.6,2.1,-0.7,13593
Juan Lagares,NYM,133,285,5,38,27,4,7.70%,26.30%,0.112,0.279,0.213,0.279,0.326,0.258,0.247,61,-0.5,-15.1,-1.7,-0.7,5384
Austin Dean,MIA,64,189,6,17,21,0,4.80%,24.90%,0.18,0.27,0.225,0.261,0.404,0.276,0.297,71,-0.3,-7.6,-6.1,-0.7,18288
Melky Cabrera,PIT,133,397,7,43,47,2,4.30%,10.30%,0.119,0.3,0.28,0.313,0.399,0.301,0.293,84,-1.9,-10.2,-10.5,-0.7,4022
Mark Reynolds,COL,78,162,4,13,20,2,13.60%,35.20%,0.141,0.247,0.17,0.29,0.311,0.267,0.272,48,-0.9,-11.9,-1.2,-0.8,7619
Albert Almora Jr.,CHC,130,363,12,41,32,2,4.40%,17.10%,0.145,0.255,0.236,0.271,0.381,0.271,0.279,62,-0.7,-18.7,-1.1,-0.8,14109
Keon Broxton,- - -,100,228,6,24,16,10,8.80%,45.60%,0.108,0.292,0.167,0.242,0.275,0.229,0.23,39,0,-18.1,2.3,-0.8,9253
Tyler White,- - -,83,279,3,18,23,0,12.90%,28.00%,0.096,0.29,0.208,0.308,0.304,0.274,0.269,70,-1.3,-12.2,-5.5,-0.8,15564
Chris Owings,- - -,67,196,3,13,14,5,7.10%,39.80%,0.094,0.222,0.139,0.209,0.233,0.198,0.233,13,0.8,-21,6.1,-0.8,10030
Dwight Smith Jr.,BAL,101,392,13,46,53,5,6.60%,20.90%,0.171,0.274,0.241,0.297,0.412,0.299,0.286,83,-0.8,-9.6,-12.5,-0.8,13473
Kendrys Morales,- - -,53,201,2,16,12,0,12.90%,12.90%,0.059,0.217,0.194,0.313,0.253,0.264,0.364,63,-1.8,-11.4,-4,-0.8,8610
Travis Shaw,MIL,86,270,7,22,16,0,13.30%,33.00%,0.113,0.216,0.157,0.281,0.27,0.248,0.282,47,-0.4,-19.2,2.1,-0.8,11982
Raimel Tapia,COL,138,447,9,54,44,9,4.70%,22.40%,0.141,0.341,0.275,0.309,0.415,0.307,0.286,74,-0.2,-15.6,-7.6,-0.8,14350
Daniel Descalso,CHC,82,194,2,20,15,2,11.90%,29.40%,0.077,0.245,0.173,0.271,0.25,0.238,0.265,41,-0.7,-15.9,0.9,-0.8,8392
Cheslor Cuthbert,KCR,87,330,9,24,40,1,5.80%,20.30%,0.133,0.288,0.246,0.294,0.379,0.287,0.288,74,-2.5,-13.4,-7.1,-0.9,10473
Sam Travis,BOS,59,157,6,17,16,2,7.00%,22.90%,0.167,0.243,0.215,0.274,0.382,0.273,0.271,62,-2.1,-9.6,-4.9,-0.9,16263
Grayson Greiner,DET,58,224,5,18,19,0,5.80%,31.30%,0.106,0.276,0.202,0.251,0.308,0.242,0.249,45,-0.4,-16.1,-1,-0.9,17062
Jon Jay,CHW,47,182,0,12,9,0,4.40%,16.50%,0.048,0.324,0.267,0.311,0.315,0.275,0.272,69,0.4,-6.9,-9,-0.9,5227
Jung Ho Kang,PIT,65,185,10,15,24,0,5.90%,32.40%,0.227,0.184,0.169,0.222,0.395,0.256,0.293,55,-0.8,-11.9,-3.7,-0.9,17182
Meibrys Viloria,KCR,42,148,1,7,15,0,6.80%,29.70%,0.075,0.293,0.211,0.259,0.286,0.236,0.206,40,-1.9,-13.3,-1.6,-0.9,17109
Nick Williams,PHI,67,112,2,9,5,0,3.60%,38.40%,0.094,0.23,0.151,0.196,0.245,0.193,0.268,11,0.6,-12.5,-0.8,-0.9,14330
Khris Davis,OAK,133,533,23,61,73,0,8.80%,27.40%,0.166,0.264,0.22,0.293,0.387,0.289,0.312,81,-2.2,-15,-13.5,-0.9,9112
Zack Cozart,LAA,38,107,0,4,7,0,4.70%,15.00%,0.021,0.143,0.124,0.178,0.144,0.15,0.245,-17,0.2,-15.9,2.2,-1,2616
Lucas Duda,KCR,39,119,4,7,15,0,9.20%,26.90%,0.152,0.197,0.171,0.252,0.324,0.245,0.308,46,-1.8,-10.1,-4,-1,2502
Richie Martin,BAL,120,309,6,29,23,10,4.50%,26.90%,0.113,0.272,0.208,0.26,0.322,0.252,0.246,50,-1.1,-20.7,-0.3,-1,17736
Eduardo Nunez,BOS,60,174,2,13,20,5,2.30%,15.50%,0.078,0.257,0.228,0.243,0.305,0.233,0.235,35,-1,-15.4,-1.1,-1,6848
Ryan O'Hearn,KCR,105,370,14,32,38,0,10.50%,26.80%,0.174,0.23,0.195,0.281,0.369,0.278,0.305,68,-1.2,-16.2,-7.3,-1,16442
Isiah Kiner-Falefa,TEX,65,222,1,23,21,3,6.30%,22.10%,0.084,0.307,0.238,0.299,0.322,0.272,0.262,57,0.5,-11.7,-6.7,-1,16512
Welington Castillo,CHW,72,251,12,19,41,0,6.40%,29.50%,0.209,0.247,0.209,0.267,0.417,0.287,0.298,77,-4.8,-12.3,-7.4,-1.1,3256
John Hicks,DET,95,333,13,29,35,1,3.90%,32.70%,0.169,0.273,0.21,0.24,0.379,0.259,0.247,57,-3.8,-22.1,-1.3,-1.1,12547
Martin Prado,MIA,104,260,2,26,15,0,4.60%,15.80%,0.061,0.268,0.233,0.265,0.294,0.243,0.27,49,-2.3,-19.7,-1.2,-1.2,3312
Christin Stewart,DET,104,416,10,32,40,0,8.20%,24.80%,0.154,0.29,0.233,0.305,0.388,0.294,0.319,80,-3.1,-13.7,-13.6,-1.2,17714
Isan Diaz,MIA,49,201,5,17,23,0,9.50%,29.40%,0.134,0.224,0.173,0.259,0.307,0.248,0.257,53,-2.9,-15.4,-4,-1.2,17922
Yonder Alonso,- - -,121,335,10,34,37,0,11.60%,20.90%,0.147,0.224,0.199,0.296,0.346,0.277,0.305,66,-3.7,-18.4,-6.1,-1.2,2530
Chris Davis,BAL,105,352,12,26,36,0,11.10%,39.50%,0.147,0.27,0.179,0.276,0.326,0.263,0.292,58,0.1,-18.9,-7.3,-1.3,9272
Curtis Granderson,MIA,138,363,12,44,34,0,11.30%,27.00%,0.174,0.22,0.183,0.281,0.356,0.275,0.306,70,-6.3,-20.4,-5.6,-1.4,4747
Elias Diaz,PIT,101,332,2,31,28,0,6.90%,16.90%,0.066,0.286,0.241,0.296,0.307,0.265,0.278,61,-1,-18.2,-8,-1.5,11680
Lewis Brinson,MIA,75,248,0,15,15,1,5.20%,29.80%,0.049,0.255,0.173,0.236,0.221,0.205,0.246,25,-1.2,-25.9,0.6,-1.7,14352
Jeff Mathis,TEX,88,244,2,17,12,1,6.10%,35.70%,0.066,0.243,0.158,0.209,0.224,0.19,0.187,2,-0.7,-31.3,0.9,-2.1,3448
