Name,Team,G,AB,PA,H,1B,2B,3B,HR,R,RBI,BB,IBB,SO,HBP,SF,SH,GDP,SB,CS,AVG,playerid
Luis Robert,CHW,68,275,296,93,57,22,1,13,42,43,14,1,61,5,2,0,4,6,1,0.338,20043
Mike Trout,LAA,36,117,146,39,22,8,1,8,23,18,27,5,41,2,0,0,0,2,0,0.333,10155
Trea Turner,- - -,148,595,646,195,130,34,3,28,107,77,41,2,110,6,4,0,18,32,5,0.328,16252
Frank Schwindel,- - -,64,242,259,79,44,20,1,14,44,43,16,2,41,1,0,0,4,2,1,0.326,15351
Chris Owings,COL,21,43,50,14,6,4,3,1,9,5,7,1,15,0,0,0,0,2,1,0.326,10030
Matt Vierling,PHI,34,71,77,23,17,3,1,2,11,6,4,1,20,1,1,0,1,2,0,0.324,21558
Yuli Gurriel,HOU,143,530,605,169,123,31,0,15,83,81,59,2,68,4,12,0,16,1,1,0.319,19198
Ketel Marte,ARI,90,340,374,108,64,29,1,14,52,50,31,3,60,2,1,0,8,2,0,0.318,13613
Juan Soto,WSN,151,502,654,157,106,20,2,29,111,95,145,23,93,2,5,0,23,9,7,0.313,20123
Michael Brantley,HOU,121,469,508,146,106,29,3,8,68,47,33,1,53,5,1,0,11,1,0,0.311,4106
Vladimir Guerrero Jr.,TOR,161,604,698,188,110,29,1,48,123,111,86,7,110,6,2,0,20,4,1,0.311,19611
Santiago Espinal,TOR,92,222,246,69,53,13,1,2,32,17,22,0,30,1,0,1,4,6,1,0.311,19997
Starling Marte,- - -,120,467,526,145,103,27,3,12,89,55,43,2,99,13,2,1,6,47,5,0.31,9241
Bryce Harper,PHI,141,488,599,151,73,42,1,35,101,84,100,14,134,5,4,2,12,13,3,0.309,11579
Tim Anderson,CHW,123,527,551,163,115,29,2,17,94,61,22,1,119,1,1,0,5,18,7,0.309,15172
Nick Castellanos,CIN,138,531,585,164,91,38,1,34,95,100,41,5,121,7,6,0,16,3,1,0.309,11737
Byron Buxton,MIN,61,235,254,72,30,23,0,19,50,32,13,0,62,6,0,0,0,9,1,0.306,14161
Corey Seager,LAD,95,353,409,108,67,22,3,16,54,57,48,2,66,5,3,0,8,1,1,0.306,13624
Adam Frazier,- - -,155,577,639,176,130,36,5,5,83,43,48,2,69,10,1,3,10,10,5,0.305,15223
Nick Madrigal,CHW,54,200,215,61,45,10,4,2,30,21,11,0,17,3,1,0,3,1,2,0.305,20521
Jesse Winker,CIN,110,423,485,129,72,32,1,24,77,71,53,1,75,9,0,0,14,1,0,0.305,13590
Buster Posey,SFG,113,395,454,120,79,23,0,18,68,56,56,5,87,1,2,0,15,0,0,0.304,9166
Austin Riley,ATL,160,590,662,179,112,33,1,33,91,107,52,2,168,12,8,0,11,0,1,0.303,18360
Bryan Reynolds,PIT,159,559,646,169,102,35,8,24,93,90,75,9,119,8,4,0,10,5,2,0.302,19326
Nico Hoerner,CHC,44,149,170,45,35,10,0,0,13,16,17,3,25,3,1,0,3,5,3,0.302,21479
Freddie Freeman,ATL,159,600,695,180,122,25,2,31,120,83,85,15,107,8,2,0,11,8,3,0.3,5361
Nicky Lopez,KCR,151,497,565,149,120,21,6,2,78,43,49,0,74,4,3,12,9,22,1,0.3,19339
Bo Bichette,TOR,159,640,690,191,131,30,1,29,121,102,40,0,137,6,4,0,10,25,1,0.298,19612
Brandon Crawford,SFG,138,483,549,144,87,30,3,24,79,90,56,6,105,5,5,0,8,11,3,0.298,5343
A.J. Pollock,LAD,117,384,422,114,65,27,1,21,53,69,30,4,80,6,2,0,4,9,1,0.297,9256
Bryan De La Cruz,MIA,58,199,219,59,45,7,2,5,17,19,18,1,53,1,1,0,8,1,1,0.296,19600
Teoscar Hernandez,TOR,143,550,595,163,102,29,0,32,92,116,36,1,148,7,2,0,5,12,4,0.296,13066
Xander Bogaerts,BOS,144,529,603,156,98,34,1,23,90,79,62,2,113,5,7,0,13,5,1,0.295,12161
Kyle Tucker,HOU,140,506,567,149,79,37,3,30,83,92,53,5,90,1,5,0,10,14,2,0.294,18345
Luis Arraez,MIN,121,428,479,126,101,17,6,2,58,42,43,2,48,2,6,0,9,2,2,0.294,18568
Paul Goldschmidt,STL,158,603,679,177,108,36,2,31,102,99,67,2,136,4,5,0,13,12,0,0.294,9218
Brandon Nimmo,NYM,92,325,386,95,67,17,3,8,51,28,54,0,79,5,0,2,3,5,4,0.292,12927
Ty France,SEA,152,571,650,166,115,32,1,18,85,73,46,1,106,27,6,0,13,0,0,0.291,17982
Cedric Mullins II,BAL,159,602,675,175,103,37,5,30,91,59,59,3,125,8,4,1,2,30,8,0.291,17929
Rafael Ortega,CHC,103,296,330,86,59,14,2,11,44,33,30,1,70,2,0,2,3,12,6,0.291,10323
Jean Segura,PHI,131,514,567,149,105,27,3,14,76,58,39,3,78,9,4,1,16,9,3,0.29,5933
Alex Verdugo,BOS,146,544,604,157,110,32,2,13,88,63,51,6,96,4,5,0,11,6,2,0.289,17027
Alcides Escobar,WSN,75,319,349,92,65,21,2,4,53,28,17,0,56,9,2,2,2,3,0,0.288,6310
Wander Franco,TBR,70,281,308,81,51,18,5,7,53,39,24,0,37,2,1,0,2,2,1,0.288,23667
Max Schrock,CIN,53,125,134,36,24,7,2,3,19,14,8,1,24,0,1,0,0,1,1,0.288,17750
Aaron Judge,NYY,148,550,633,158,95,24,0,39,89,98,75,2,158,3,5,0,16,6,1,0.287,15640
Matt Duffy,CHC,97,289,322,83,66,12,0,5,45,30,25,0,63,7,1,0,16,8,1,0.287,13836
Kevin Plawecki,BOS,64,157,173,45,35,7,0,3,15,15,12,0,26,3,0,1,4,0,0,0.287,13807
Tyler O'Neill,STL,138,482,537,138,76,26,2,34,89,80,38,0,168,13,4,0,8,15,4,0.286,15711
J.D. Martinez,BOS,148,570,634,163,90,42,3,28,92,99,55,6,150,3,5,0,18,0,0,0.286,6184
Tyler Stephenson,CIN,132,350,402,100,69,21,0,10,56,45,41,1,75,6,5,0,11,0,0,0.286,17988
J.D. Davis,NYM,73,179,211,51,34,12,0,5,18,23,24,1,68,6,2,0,4,1,0,0.285,16219
Connor Joe,COL,63,179,211,51,34,9,0,8,23,35,26,0,41,3,3,0,1,0,0,0.285,16572
Brendan Rodgers,COL,102,387,415,110,71,21,3,15,49,51,19,0,84,7,2,0,8,0,0,0.284,17907
Yohel Pozo,TEX,21,74,77,21,16,4,0,1,8,9,3,0,10,0,0,0,1,0,0,0.284,18848
Garrett Cooper,MIA,71,215,250,61,41,10,1,9,30,33,30,0,68,4,1,0,6,1,1,0.284,15279
Ronald Acuna Jr.,ATL,82,297,360,84,40,19,1,24,72,52,49,2,85,9,5,0,0,17,6,0.283,18401
Starlin Castro,WSN,87,315,346,89,66,20,0,3,25,38,26,1,62,0,4,0,6,0,1,0.283,4579
Harold Castro,DET,106,315,339,89,72,13,1,3,35,37,14,0,72,1,5,4,7,1,1,0.283,14691
Fernando Tatis Jr.,SDP,130,478,546,135,62,31,0,42,99,97,62,6,153,2,4,0,5,25,4,0.282,19709
Yonathan Daza,COL,107,301,331,85,69,12,2,2,26,30,21,0,60,2,1,6,9,2,1,0.282,15794
Amed Rosario,CLE,141,550,588,155,113,25,6,11,77,57,31,0,120,3,4,0,12,13,0,0.282,15518
C.J. Cron,COL,142,470,547,132,72,31,1,28,70,92,60,3,117,13,4,0,11,1,0,0.281,12546
Donovan Solano,SFG,101,307,344,86,62,17,0,7,35,31,25,2,58,7,4,1,8,2,0,0.28,8623
Carlos Correa,HOU,148,555,640,155,94,34,1,26,104,92,75,2,116,4,6,0,16,0,0,0.279,14162
Josh Harrison,- - -,138,505,558,141,98,33,2,8,58,60,31,0,75,18,3,0,9,9,5,0.279,8202
Rafael Devers,BOS,156,591,664,165,89,37,1,38,101,113,62,7,143,7,4,0,13,5,5,0.279,17350
Tony Kemp,OAK,131,330,397,92,65,16,3,8,54,37,52,0,51,6,5,4,2,8,2,0.279,14894
Ramon Urias,BAL,85,262,296,73,52,14,0,7,33,38,28,0,76,6,0,0,3,1,2,0.279,18795
Manny Machado,SDP,153,564,640,157,96,31,2,28,92,106,63,10,102,2,11,0,10,12,3,0.278,11493
Jose Altuve,HOU,146,601,678,167,103,32,1,31,117,83,66,3,91,4,6,1,9,5,3,0.278,5417
Jonathan Schoop,DET,156,623,674,173,120,30,1,22,85,84,37,0,133,6,8,0,15,2,0,0.278,11265
Justin Turner,LAD,151,533,612,148,99,22,0,27,87,87,61,0,98,12,6,0,12,3,0,0.278,5235
Yordan Alvarez,HOU,144,537,598,149,80,35,1,33,92,104,50,3,145,8,3,0,16,1,0,0.277,19556
Jared Walsh,LAA,144,530,585,147,83,34,1,29,70,98,48,6,152,4,3,0,7,2,1,0.277,18607
Whit Merrifield,KCR,162,664,720,184,129,42,3,10,97,74,40,1,103,4,12,0,12,40,4,0.277,11281
Andy Ibanez,TEX,76,253,272,70,46,15,2,7,31,25,15,0,35,2,1,1,6,0,0,0.277,18819
Kyle Isbel,KCR,28,76,83,21,13,5,2,1,16,7,7,0,23,0,0,0,0,2,0,0.276,21614
Lourdes Gurriel Jr.,TOR,141,500,541,138,87,28,2,21,62,84,32,1,102,2,6,1,8,1,3,0.276,19238
Andrew Benintendi,KCR,134,493,538,136,90,27,2,17,63,73,36,0,97,2,6,1,2,8,9,0.276,17901
Randy Arozarena,TBR,141,529,604,145,90,32,3,20,94,69,56,4,170,14,5,0,9,20,10,0.274,19290
Brandon Belt,SFG,97,325,381,89,44,14,2,29,65,59,48,3,103,7,1,0,9,3,2,0.274,10264
Brandon Drury,NYM,51,84,88,23,14,5,0,4,7,14,3,0,22,1,0,0,3,0,0,0.274,11615
Raimel Tapia,COL,133,487,533,133,99,26,2,6,69,50,40,2,70,1,4,1,8,20,6,0.273,14350
J.P. Crawford,SEA,160,619,687,169,123,37,0,9,89,54,58,1,114,5,4,1,10,3,6,0.273,15491
Max Fried,ATL,32,55,67,15,12,3,0,0,7,5,4,0,18,0,0,8,0,0,0,0.273,13743
Thairo Estrada,SFG,52,121,132,33,22,4,0,7,19,22,9,1,23,2,0,0,2,1,0,0.273,16426
Yadiel Hernandez,WSN,112,264,289,72,54,8,1,9,33,32,22,1,59,1,2,0,11,3,0,0.273,19334
Keibert Ruiz,- - -,29,88,96,24,18,3,0,3,10,15,6,0,9,2,0,0,3,0,0,0.273,19610
Salvador Perez,KCR,161,620,665,169,97,24,0,48,88,121,28,4,170,13,4,0,14,1,0,0.273,7304
Giancarlo Stanton,NYY,139,510,579,139,85,19,0,35,64,97,63,1,157,3,3,0,22,0,0,0.273,4949
Kolten Wong,MIL,116,445,492,121,73,32,2,14,70,50,31,1,83,13,3,0,2,12,5,0.272,12532
Austin Nola,SDP,56,173,194,47,33,12,0,2,15,29,14,0,19,5,2,0,2,0,1,0.272,15941
Myles Straw,- - -,158,564,638,153,119,29,1,4,86,48,67,0,121,2,4,1,13,30,6,0.271,17620
Jose Iglesias,- - -,137,483,511,131,93,27,2,9,65,48,21,0,75,6,1,0,10,5,2,0.271,10231
Jeimer Candelario,DET,149,557,626,151,90,42,3,16,75,67,65,1,135,4,0,0,10,0,0,0.271,13621
Darin Ruf,SFG,117,262,312,71,40,13,2,16,41,43,46,2,87,3,1,0,8,2,0,0.271,9929
Isiah Kiner-Falefa,TEX,158,635,677,172,136,25,3,8,74,53,28,2,90,11,2,1,11,20,5,0.271,16512
Corey Dickerson,- - -,109,336,365,91,62,18,5,6,43,29,25,1,68,3,1,0,8,6,5,0.271,10762
Edmundo Sosa,STL,113,288,326,78,60,8,4,6,39,27,17,2,63,17,2,1,8,4,4,0.271,17022
Yermin Mercedes,CHW,68,240,262,65,48,9,1,7,26,37,20,1,46,1,1,0,7,0,1,0.271,17423
Matt Olson,OAK,156,565,673,153,79,35,0,39,101,111,88,12,113,9,11,0,17,4,1,0.271,14344
Charlie Blackmon,COL,150,514,582,139,97,25,4,13,76,78,54,1,91,11,3,0,8,3,0,0.27,7859
Alex Bregman,HOU,91,348,400,94,65,17,0,12,54,55,44,4,53,4,4,0,13,1,0,0.27,17678
Tyler Naquin,CIN,127,411,454,111,66,24,2,19,52,70,35,1,106,5,3,0,9,5,3,0.27,13359
Hanser Alberto,KCR,103,241,255,65,40,20,3,2,25,24,4,0,26,4,2,4,1,3,1,0.27,11902
Matt Beaty,LAD,120,204,234,55,43,4,1,7,35,40,20,0,44,10,0,0,3,2,2,0.27,17710
Wilmer Difo,PIT,116,219,240,59,45,7,3,4,25,24,20,0,54,0,1,0,2,1,0,0.269,14320
Eric Hosmer,SDP,151,509,565,137,97,28,0,12,53,65,48,2,99,5,2,1,13,5,4,0.269,3516
Jonathan India,CIN,150,532,631,143,86,34,2,21,98,69,71,1,141,23,4,1,13,12,3,0.269,21523
Jorge Polanco,MIN,152,588,644,158,88,35,2,33,97,98,45,0,118,5,6,0,4,11,6,0.269,13152
Harold Ramirez,CLE,99,339,361,91,62,21,1,7,33,41,14,1,56,5,3,0,10,3,1,0.268,14387
DJ LeMahieu,NYY,150,597,679,160,125,24,1,10,84,57,73,2,94,4,5,0,16,4,2,0.268,9874
Tyler Wade,NYY,103,127,145,34,28,5,1,0,31,5,16,1,37,1,0,0,3,17,6,0.268,15730
Leury Garcia,CHW,126,415,474,111,80,22,4,5,60,54,41,0,97,4,5,9,12,6,2,0.267,5913
Pavin Smith,ARI,145,498,545,133,91,27,4,11,68,49,42,1,106,4,1,0,11,1,0,0.267,19892
Harrison Bader,STL,103,367,401,98,60,21,1,16,45,50,27,6,85,5,2,0,4,9,4,0.267,18030
Gio Urshela,NYY,116,420,442,112,78,18,2,14,42,49,20,0,109,1,1,0,16,1,0,0.267,10681
Jake Cronenworth,SDP,152,567,643,151,90,33,7,21,94,71,55,6,90,10,3,3,8,4,3,0.266,18036
Jose Ramirez,CLE,152,552,636,147,74,32,5,36,111,103,72,10,87,7,5,0,13,27,4,0.266,13510
Omar Narvaez,MIL,123,391,445,104,73,20,0,11,54,49,41,3,84,7,6,0,13,0,0,0.266,13338
Dylan Carlson,STL,149,542,619,144,91,31,4,18,79,65,57,2,152,11,8,1,5,2,1,0.266,20126
Kyle Schwarber,- - -,113,399,471,106,55,19,0,32,76,71,64,1,127,6,2,0,4,1,1,0.266,16478
Joey Votto,CIN,129,448,533,119,59,23,1,36,73,99,77,6,127,4,4,0,7,1,0,0.266,4314
Marcus Semien,TOR,162,652,724,173,87,39,2,45,115,102,66,0,146,3,3,0,9,15,1,0.265,12533
Joey Wendle,TBR,136,460,501,122,76,31,4,11,73,54,28,4,113,10,3,0,9,8,6,0.265,13853
Luis Guillorme,NYM,69,132,156,35,31,3,0,1,13,5,23,2,23,0,0,1,2,0,2,0.265,16451
Nelson Cruz,- - -,140,513,584,136,82,21,1,32,79,86,51,10,126,7,9,0,14,3,0,0.265,2434
Kris Bryant,- - -,144,513,586,136,77,32,2,25,86,73,62,4,135,9,2,0,9,10,2,0.265,15429
Javier Baez,- - -,138,502,547,133,82,18,2,31,80,87,28,2,184,13,3,0,12,18,5,0.265,12979
Miguel Rojas,MIA,132,495,539,131,89,30,3,9,66,48,37,0,74,5,1,1,10,13,3,0.265,7802
Josh Rojas,ARI,139,484,550,128,82,32,3,11,69,44,58,1,137,0,3,1,7,9,4,0.264,19734
George Springer,TOR,78,299,342,79,37,19,1,22,59,50,37,1,79,4,1,0,6,4,1,0.264,12856
German Marquez,COL,32,53,60,14,8,5,0,1,5,9,0,0,13,0,0,7,0,0,0,0.264,15038
Mookie Betts,LAD,122,466,550,123,68,29,3,23,93,58,68,2,86,11,5,0,5,10,5,0.264,13611
Nathaniel Lowe,TEX,157,557,642,147,102,24,3,18,75,72,80,2,162,2,3,0,13,8,0,0.264,19566
Tres Barrera,WSN,30,91,107,24,18,3,1,2,8,10,12,2,22,4,0,0,3,0,0,0.264,19977
Yoan Moncada,CHW,144,520,616,137,89,33,1,14,74,61,84,1,157,10,2,0,6,3,2,0.263,17232
Kyle Farmer,CIN,147,483,529,127,87,22,2,16,60,63,22,1,97,18,5,1,16,2,3,0.263,14813
J.T. Realmuto,PHI,134,476,537,125,79,25,4,17,64,73,48,5,129,11,2,0,8,13,3,0.263,11739
Jose Rondon,STL,63,80,90,21,15,3,0,3,13,9,8,0,17,0,2,0,1,2,0,0.263,14140
Avisail Garcia,MIL,135,461,515,121,74,18,0,29,68,86,38,5,121,11,5,0,12,8,4,0.262,5760
Wilmer Flores,SFG,139,389,436,102,67,16,1,18,57,53,41,0,56,3,3,0,11,1,0,0.262,5827
Christian Arroyo,BOS,57,164,181,43,25,12,0,6,22,25,8,0,44,7,0,1,1,1,0,0.262,16434
Tommy Edman,STL,159,641,691,168,113,41,3,11,91,56,38,1,95,6,4,2,4,30,5,0.262,19470
Pete Alonso,NYM,152,561,637,147,80,27,3,37,81,94,60,6,127,12,4,0,20,3,0,0.262,19251
David Fletcher,LAA,157,626,665,164,132,27,3,2,74,47,31,1,60,1,1,6,10,15,3,0.262,17992
Willy Adames,- - -,140,497,555,130,72,32,1,25,77,73,57,1,156,0,1,0,9,5,4,0.262,15986
Jose Abreu,CHW,152,566,659,148,86,30,2,30,86,117,61,3,143,22,10,0,28,1,0,0.261,15676
Josh Bell,WSN,144,498,568,130,78,24,1,27,75,88,65,2,101,2,3,0,22,0,0,0.261,13145
Evan Longoria,SFG,81,253,291,66,36,17,0,13,45,46,35,4,68,1,2,0,9,1,1,0.261,9368
Phil Gosselin,LAA,104,345,373,90,69,14,0,7,40,47,24,0,81,3,1,0,3,4,2,0.261,10953
Jesus Aguilar,MIA,131,449,510,117,72,23,0,22,49,93,46,4,93,3,7,0,11,0,0,0.261,11342
Jake Meyers,HOU,49,146,163,38,24,8,0,6,22,28,10,0,50,4,1,2,0,3,0,0.26,20308
Odubel Herrera,PHI,124,450,492,117,75,27,2,13,59,51,29,0,77,6,5,1,6,6,1,0.26,11476
Francisco Mejia,TBR,84,250,277,65,41,15,3,6,31,35,17,0,49,7,2,1,4,0,0,0.26,16403
Gleyber Torres,NYY,127,459,516,119,88,22,0,9,50,51,50,1,104,1,4,2,12,14,6,0.259,16997
Ozzie Albies,ATL,156,629,686,163,86,40,7,30,103,106,47,2,128,3,7,0,4,20,4,0.259,16556
Hunter Renfroe,BOS,144,521,572,135,71,33,0,31,89,96,44,0,130,1,6,0,6,1,2,0.259,15464
Akil Baddoo,DET,124,413,461,107,67,20,7,13,60,55,45,1,122,0,3,0,5,18,4,0.259,22168
Derek Hill,DET,49,139,150,36,27,3,3,3,19,14,10,0,42,1,0,0,2,6,3,0.259,16947
David Peralta,ARI,150,487,538,126,80,30,8,8,57,63,46,3,92,3,2,0,9,2,1,0.259,2136
Kevin Kiermaier,TBR,122,348,390,90,60,19,7,4,54,37,33,2,99,5,4,0,4,9,5,0.259,11038
Eddie Rosario,- - -,111,379,412,98,62,19,3,14,42,62,26,0,61,1,4,2,4,11,3,0.259,12155
Aledmys Diaz,HOU,84,294,319,76,49,19,0,8,28,45,16,3,62,9,0,0,7,0,1,0.259,15937
Will Smith,LAD,130,414,501,107,61,19,2,25,71,76,58,4,101,18,11,0,11,3,0,0.258,19197
Victor Reyes,DET,76,209,220,54,35,10,4,5,26,22,8,0,55,0,1,2,2,5,1,0.258,15487
Josh Reddick,ARI,54,151,158,39,26,11,0,2,15,21,6,0,31,0,1,0,4,0,0,0.258,3892
Colin Moran,PIT,99,318,359,82,60,12,0,10,29,50,36,0,87,2,3,0,6,1,0,0.258,16909
Christian Vazquez,BOS,138,458,498,118,88,23,1,6,51,49,33,0,84,2,4,1,15,8,4,0.258,9774
Steven Duggar,SFG,107,268,297,69,42,14,5,8,45,35,27,3,88,2,0,0,4,7,0,0.257,17719
Chas McCormick,HOU,108,284,320,73,47,12,0,14,47,50,25,0,104,4,7,0,5,4,2,0.257,19599
Shohei Ohtani,LAA,158,537,639,138,58,26,8,46,103,100,96,20,189,4,2,0,7,26,10,0.257,19755
Ke'Bryan Hayes,PIT,96,362,396,93,65,20,2,6,49,38,31,0,87,1,2,0,11,9,1,0.257,18577
Lorenzo Cain,MIL,78,257,286,66,45,13,0,8,40,36,26,0,48,2,1,0,5,13,2,0.257,9077
Pablo Reyes,MIL,53,78,87,20,14,5,0,1,12,3,9,1,15,0,0,0,2,4,0,0.256,16357
Nick Maton,PHI,52,117,131,30,20,7,1,2,16,14,10,0,39,2,1,1,0,2,0,0.256,21635
Miguel Cabrera,DET,130,472,526,121,90,16,0,15,48,75,40,0,118,5,9,0,21,0,0,0.256,1744
Austin Hays,BAL,131,488,529,125,73,26,4,22,73,71,28,0,107,9,1,3,9,4,3,0.256,19363
Mitch Garver,MIN,68,207,243,53,25,15,0,13,29,34,31,0,71,3,2,0,4,1,1,0.256,15161
Yandy Diaz,TBR,134,465,541,119,85,20,1,13,62,64,69,4,85,3,4,0,11,1,1,0.256,16578
Wil Myers,SDP,146,442,500,113,70,24,2,17,56,63,54,2,141,0,4,0,9,8,5,0.256,10047
Emmanuel Rivera,KCR,29,90,98,23,18,4,0,1,13,5,8,0,21,0,0,0,2,2,0,0.256,19890
Trey Mancini,BAL,147,556,616,142,87,33,1,21,77,71,51,4,143,8,1,0,19,0,0,0.255,15149
Delino DeShields,CIN,25,47,58,12,6,5,0,1,4,6,9,0,11,0,0,2,0,2,1,0.255,11379
Ryan Mountcastle,BAL,144,534,586,136,79,23,1,33,77,89,41,2,161,4,7,0,12,4,3,0.255,18373
Nolan Arenado,STL,157,593,653,151,80,34,3,34,81,105,50,8,96,3,7,0,20,2,0,0.255,9777
Chris Taylor,LAD,148,507,582,129,80,25,4,20,92,73,63,2,167,8,3,1,5,13,1,0.254,13757
Jordy Mercer,WSN,46,118,127,30,21,7,0,2,13,9,9,0,34,0,0,0,1,0,0,0.254,6547
Brandon Marsh,LAA,70,236,260,60,43,12,3,2,27,19,20,0,91,2,1,1,3,6,1,0.254,20202
Manuel Margot,TBR,125,421,464,107,76,18,3,10,55,57,37,2,70,1,4,1,4,13,8,0.254,14712
Ryan McMahon,COL,151,528,596,134,78,32,1,23,80,86,59,2,147,4,5,0,14,6,2,0.254,15112
Franmil Reyes,CLE,115,418,466,106,56,18,2,30,57,85,43,3,149,2,3,0,13,4,1,0.254,14566
Miguel Andujar,NYY,45,154,162,39,31,2,0,6,19,12,7,0,28,0,1,0,8,0,1,0.253,15878
Mitch Haniger,SEA,157,620,691,157,93,23,2,39,110,100,54,2,169,9,8,0,12,1,0,0.253,14274
Josh Naylor,CLE,69,233,250,59,39,13,0,7,28,21,14,1,45,2,0,0,7,1,0,0.253,18839
Eduardo Escobar,- - -,146,549,599,139,80,26,5,28,77,90,48,1,124,1,1,0,3,1,0,0.253,6153
LaMonte Wade Jr.,SFG,109,336,381,85,47,17,3,18,52,56,33,1,89,5,3,4,3,6,1,0.253,18126
Breyvic Valera,TOR,39,87,97,22,15,6,0,1,10,15,8,0,12,0,1,1,1,1,0,0.253,12758
Reese McGuire,TOR,78,198,217,50,34,15,0,1,22,10,15,0,44,2,1,1,4,0,0,0.253,15674
Yadier Molina,STL,121,440,473,111,81,19,0,11,45,66,24,1,79,5,3,0,16,3,0,0.252,7007
Nick Senzel,CIN,36,111,124,28,23,4,0,1,18,8,12,0,16,0,1,0,3,2,5,0.252,19293
Yan Gomes,- - -,103,349,375,88,58,15,1,14,49,52,19,3,78,6,1,0,15,0,0,0.252,9627
Adam Engel,CHW,39,123,140,31,15,9,0,7,21,18,11,0,31,5,1,0,4,7,1,0.252,15082
Travis Jankowski,PHI,76,131,157,33,24,6,2,1,24,10,22,4,29,1,0,2,1,5,0,0.252,13768
Jeff McNeil,NYM,120,386,426,97,70,19,1,7,48,35,29,0,58,10,1,0,10,3,0,0.251,15362
Alex Kirilloff,MIN,59,215,231,54,34,11,1,8,23,34,14,2,52,1,1,0,3,1,1,0.251,20325
Jesus Sanchez,MIA,64,227,251,57,33,8,2,14,27,36,20,3,78,3,1,0,2,0,1,0.251,19913
Trevor Story,COL,142,526,595,132,69,34,5,24,88,75,53,2,139,11,5,0,7,20,6,0.251,12564
Enrique Hernandez,BOS,134,508,585,127,69,35,3,20,84,60,61,0,110,9,7,0,4,1,0,0.25,10472
Tommy La Stella,SFG,76,220,242,55,36,11,1,7,26,27,18,1,26,1,1,0,4,0,0,0.25,12371
Cam Gallagher,KCR,48,112,124,28,21,6,0,1,9,7,8,0,20,0,1,2,2,0,0,0.25,12981
Johneshwy Fargas,- - -,22,52,54,13,8,3,2,0,4,5,1,0,15,0,0,1,2,1,2,0.25,16446
Taylor Ward,LAA,65,208,237,52,29,15,0,8,33,33,20,0,55,6,1,2,4,1,1,0.25,17548
Willie Calhoun,TEX,75,260,284,65,46,10,3,6,26,25,21,0,34,2,1,0,6,0,2,0.25,17838
Gavin Sheets,CHW,54,160,179,40,21,8,0,11,23,34,16,0,40,2,1,0,4,0,0,0.25,19901
Max Muncy,LAD,144,497,592,124,60,26,2,36,95,94,83,5,120,11,1,0,7,2,1,0.249,13301
Luis Urias,MIL,150,490,570,122,73,25,1,23,77,75,63,3,116,10,3,1,9,5,1,0.249,16622
Brian Anderson,MIA,67,233,264,58,42,9,0,7,24,28,26,2,65,5,0,0,4,5,0,0.249,18289
Jonathan Villar,NYM,142,454,505,113,75,18,2,18,63,42,46,2,132,3,0,2,6,14,7,0.249,10071
Eloy Jimenez,CHW,55,213,231,53,33,10,0,10,23,37,16,0,57,1,1,0,8,0,0,0.249,17484
Eric Sogard,CHC,78,169,180,42,34,6,1,1,16,12,9,1,30,0,2,0,5,3,1,0.249,7927
Dansby Swanson,ATL,160,588,653,146,84,33,2,27,78,88,52,4,167,5,7,1,7,9,3,0.248,18314
Christian Yelich,MIL,117,399,475,99,69,19,2,9,70,51,70,5,113,3,3,0,5,9,3,0.248,11477
Pedro Severino,BAL,113,379,419,94,65,18,0,11,32,46,34,1,109,1,5,0,9,0,0,0.248,14523
Anthony Rizzo,- - -,141,496,576,123,75,23,3,22,73,61,52,2,87,23,5,0,15,6,2,0.248,3473
Michael Chavis,- - -,43,121,124,30,19,7,1,3,16,11,1,0,42,1,1,0,4,1,2,0.248,17321
Jazz Chisholm Jr.,MIA,124,464,507,115,73,20,4,18,70,53,34,0,145,4,3,2,3,23,8,0.248,20454
Jorge Mateo,- - -,89,194,209,48,32,11,1,4,19,14,9,0,55,4,1,1,1,10,3,0.247,17273
Alec Bohm,PHI,115,380,417,94,72,15,0,7,46,47,31,0,111,2,4,0,12,4,0,0.247,21618
Josh Donaldson,MIN,135,457,543,113,61,26,0,26,73,72,74,2,114,4,8,0,22,0,0,0.247,5038
Ehire Adrianza,ATL,109,182,209,45,29,9,2,5,32,28,21,0,42,2,3,1,4,0,0,0.247,8418
Tucker Barnhart,CIN,116,348,388,86,58,21,0,7,41,48,29,1,100,8,3,0,8,0,0,0.247,10200
Jace Peterson,MIL,94,259,302,64,46,11,1,6,36,31,38,0,68,3,2,0,1,10,1,0.247,12325
Ben Gamel,- - -,122,340,400,84,55,18,3,8,43,26,51,2,105,3,4,2,7,3,6,0.247,12160
Tyrone Taylor,MIL,93,243,271,60,36,9,3,12,33,43,20,1,59,7,1,0,6,6,1,0.247,13675
Rhys Hoskins,PHI,107,389,443,96,40,29,0,27,64,71,47,0,108,5,2,0,7,3,2,0.247,16472
Brandon Lowe,TBR,149,535,615,132,62,31,0,39,97,99,68,4,167,9,3,0,2,7,1,0.247,18882
Daulton Varsho,ARI,95,284,315,70,40,17,2,11,41,38,30,3,67,0,0,1,4,6,0,0.246,19918
Ramon Laureano,OAK,88,341,378,84,47,21,2,14,43,39,27,0,98,9,1,0,4,12,5,0.246,17128
Kyle Lewis,SEA,36,130,147,32,23,4,0,5,15,11,16,0,37,1,0,0,1,2,0,0.246,19508
Jo Adell,LAA,35,130,140,32,21,5,2,4,17,26,8,0,32,1,0,1,3,2,1,0.246,20220
Jacob Stallings,PIT,112,374,427,92,63,20,1,8,38,53,49,0,85,2,2,0,10,0,0,0.246,13723
Elias Diaz,COL,106,338,371,83,46,18,1,18,52,44,30,1,60,2,1,0,15,0,0,0.246,11680
Taylor Jones,HOU,35,102,108,25,14,8,1,2,11,16,4,0,29,0,2,0,5,0,0,0.245,19533
Jed Lowrie,OAK,139,457,512,112,70,28,0,14,55,69,49,1,108,2,4,0,8,0,0,0.245,4418
Luke Williams,PHI,58,98,108,24,19,4,0,1,8,6,10,0,23,0,0,0,2,2,2,0.245,19931
Rob Refsnyder,MIN,51,139,157,34,25,7,0,2,21,12,17,0,40,0,1,0,4,1,0,0.245,13770
Dominic Smith,NYM,145,446,493,109,78,20,0,11,43,58,32,2,112,9,6,0,13,2,1,0.244,15653
Christian Walker,ARI,115,401,445,98,64,23,1,10,55,46,38,1,106,4,2,0,8,0,0,0.244,13419
Michael A. Taylor,KCR,142,483,528,118,89,16,1,12,58,54,33,0,144,5,5,2,9,14,7,0.244,11489
Jorge Alfaro,MIA,92,295,311,72,52,15,1,4,22,30,11,0,99,5,0,0,8,8,1,0.244,12180
Elvis Andrus,OAK,146,497,541,121,91,25,2,3,60,37,31,2,81,6,4,3,14,12,2,0.243,8709
Ryan Zimmerman,WSN,110,255,273,62,32,16,0,14,27,46,16,0,77,0,2,0,9,0,0,0.243,4220
Chad Pinder,OAK,75,214,233,52,29,16,1,6,30,27,16,0,62,2,1,0,6,1,0,0.243,15191
Charlie Culberson,TEX,91,247,271,60,38,15,2,5,23,22,17,1,64,2,1,4,3,7,1,0.243,3298
Luis Torrens,SEA,108,346,378,84,51,16,2,15,39,47,28,1,99,1,3,0,8,0,0,0.243,15905
Adolis Garcia,TEX,149,581,622,141,82,26,2,31,77,90,32,0,194,5,4,0,15,16,5,0.243,19287
Rowdy Tellez,- - -,106,297,325,72,45,14,2,11,34,36,23,4,65,4,1,0,6,0,0,0.242,15679
Trent Grisham,SDP,132,462,527,112,66,28,3,15,61,62,54,2,119,6,4,1,10,13,5,0.242,18564
Alejandro Kirk,TOR,60,165,189,40,24,8,0,8,19,24,19,0,22,3,2,0,7,0,0,0.242,22581
Nick Solak,TEX,127,458,511,111,80,18,2,11,57,49,34,0,107,15,2,2,11,7,5,0.242,19294
Ronald Torreyes,PHI,112,318,344,77,59,10,1,7,30,41,19,2,41,1,1,5,7,2,1,0.242,11400
Gavin Lux,LAD,102,335,381,81,58,12,4,7,49,46,41,3,83,3,2,0,3,4,1,0.242,19955
Freddy Galvis,- - -,104,356,394,86,56,15,1,14,53,40,27,1,77,5,3,2,6,1,0,0.242,6609
Luis Garcia,WSN,70,236,247,57,31,18,2,6,29,22,11,1,43,0,0,0,8,0,2,0.242,20391
Anthony Santander,BAL,110,406,438,98,56,24,0,18,54,50,23,0,101,4,4,1,11,1,1,0.241,14551
Max Stassi,LAA,87,282,319,68,43,11,1,13,45,35,28,0,101,8,1,0,8,0,0,0.241,10059
Austin Slater,SFG,129,274,306,66,41,12,1,12,39,32,28,2,84,4,0,0,7,15,2,0.241,16153
Randal Grichuk,TOR,149,511,545,123,75,25,1,22,59,81,27,0,114,3,4,0,17,0,3,0.241,10243
Yasmani Grandal,CHW,93,279,375,67,35,9,0,23,60,62,87,0,82,3,5,1,15,0,0,0.24,11368
Carson Kelly,ARI,98,304,359,73,48,11,1,13,41,46,44,1,74,6,5,0,10,0,0,0.24,13620
Nick Gordon,MIN,73,200,216,48,34,9,1,4,19,23,12,0,55,3,1,0,7,10,1,0.24,16337
Mauricio Dubon,SFG,74,175,187,42,28,9,0,5,20,22,9,2,41,1,2,0,5,2,1,0.24,16530
Bobby Dalbec,BOS,133,417,453,100,49,21,5,25,50,78,28,1,156,7,1,0,3,2,0,0.24,19966
Anthony Rendon,LAA,58,217,249,52,33,13,0,6,24,34,29,2,41,1,2,0,11,0,0,0.24,12861
Luke Voit,NYY,68,213,241,51,32,7,1,11,26,35,21,0,74,7,0,0,12,0,0,0.239,14811
Jake Rogers,DET,38,113,127,27,13,5,3,6,17,17,11,0,46,0,0,3,0,1,0,0.239,19452
Abraham Toro,- - -,95,335,375,80,57,12,0,11,45,46,31,0,54,7,2,0,5,6,3,0.239,19844
Robbie Grossman,DET,156,557,671,133,84,23,3,23,88,67,98,3,155,8,6,2,8,20,5,0.239,5254
Jose Trevino,TEX,89,285,302,68,49,14,0,5,23,30,12,1,57,0,3,2,13,1,1,0.239,16725
Lars Nootbaar,STL,58,109,124,26,17,3,1,5,15,15,13,1,28,0,1,1,0,2,1,0.239,21454
Joc Pederson,- - -,137,429,481,102,62,19,3,18,55,61,39,0,117,8,5,0,9,2,3,0.238,11899
Edward Olivares,KCR,39,101,111,24,17,2,0,5,14,12,5,0,19,3,1,1,2,2,2,0.238,19698
Willson Contreras,CHC,128,413,483,98,57,20,0,21,61,57,52,1,138,14,4,0,11,5,4,0.237,11609
Gerardo Parra,WSN,53,97,107,23,16,5,0,2,13,10,6,0,30,2,1,1,3,1,1,0.237,8553
Albert Pujols,- - -,109,275,296,65,45,3,0,17,29,50,14,3,45,5,2,0,14,2,0,0.236,1177
Juan Lagares,LAA,112,309,327,73,45,20,2,6,39,38,12,0,76,1,1,4,8,1,2,0.236,5384
Grayson Greiner,DET,31,72,82,17,12,4,0,1,7,7,9,0,31,0,0,1,0,0,0,0.236,17062
Willians Astudillo,MIN,73,208,216,49,34,8,0,7,17,21,3,0,12,4,1,0,12,0,0,0.236,15608
Andrew Vaughn,CHW,127,417,469,98,61,22,0,15,56,48,41,0,101,6,5,0,14,1,1,0.235,26197
Kole Calhoun,ARI,51,166,182,39,26,8,0,5,17,17,15,0,41,0,1,0,2,1,0,0.235,11200
Jason Castro,HOU,66,149,179,35,20,7,0,8,22,21,25,1,54,3,0,2,4,0,0,0.235,8722
Richie Martin,BAL,37,98,105,23,20,2,0,1,9,8,4,0,28,1,1,1,1,0,2,0.235,17736
Lane Thomas,- - -,77,226,264,53,29,15,2,7,35,28,37,1,63,0,1,0,6,6,3,0.235,16939
Garrett Hampson,COL,147,453,494,106,68,21,6,11,69,33,33,2,118,3,2,3,6,17,7,0.234,19262
Austin Meadows,TBR,142,518,591,121,62,29,3,27,79,106,59,3,122,6,8,0,4,4,3,0.234,15672
Alex Dickerson,SFG,111,283,312,66,41,10,2,13,37,38,23,1,76,6,0,0,7,1,0,0.233,12649
Anthony Alford,PIT,49,133,148,31,19,6,1,5,14,11,12,1,58,3,0,0,4,5,6,0.233,14329
John Nogowski,- - -,52,129,143,30,22,7,0,1,14,14,12,0,22,1,1,0,2,0,1,0.233,16852
Kyle Garlick,MIN,36,99,107,23,10,8,0,5,17,10,6,0,32,1,1,0,2,1,0,0.232,18063
James McCann,NYM,121,375,412,87,64,12,1,10,29,46,32,1,115,2,3,0,12,1,2,0.232,12859
Rene Rivera,- - -,25,69,78,16,11,3,0,2,8,9,4,0,29,2,0,3,4,0,0,0.232,3648
Erik Gonzalez,PIT,71,220,229,51,41,7,1,2,17,21,8,0,40,0,1,0,4,2,2,0.232,13369
Kelvin Gutierrez,- - -,85,272,295,63,49,8,3,3,23,20,19,0,76,4,0,0,4,0,1,0.232,17468
Cesar Hernandez,- - -,149,570,637,132,88,21,2,21,84,62,59,2,135,5,3,0,11,1,1,0.232,10556
Michael Conforto,NYM,125,406,479,94,60,20,0,14,52,55,59,3,104,12,2,0,14,1,0,0.232,16376
Ernie Clement,CLE,40,121,133,28,21,4,0,3,16,9,7,0,19,2,0,3,3,0,1,0.231,20352
Mark Canha,OAK,141,519,625,120,77,22,4,17,93,61,77,0,128,27,2,0,9,12,2,0.231,11445
Kevin Pillar,NYM,124,325,347,75,47,11,2,15,40,47,11,0,81,10,1,0,5,4,3,0.231,12434
Patrick Wisdom,CHC,106,338,375,78,37,13,0,28,54,61,32,1,153,4,0,0,7,4,1,0.231,13602
Eric Haase,DET,98,351,381,81,46,12,1,22,48,61,26,0,119,2,2,0,11,2,0,0.231,14111
Rafael Marchan,PHI,20,52,56,12,9,1,1,1,7,4,4,0,10,0,0,0,1,0,0,0.231,21646
Adalberto Mondesi,KCR,35,126,136,29,14,8,1,6,19,17,6,0,43,1,0,3,2,15,1,0.23,13769
Francisco Lindor,NYM,125,452,524,104,65,16,3,20,73,63,58,4,96,5,3,6,7,10,4,0.23,12916
Asdrubal Cabrera,- - -,110,309,352,71,43,21,0,7,34,42,36,1,80,3,4,0,8,1,0,0.23,4962
Magneuris Sierra,MIA,123,209,225,48,41,6,1,0,27,5,15,4,50,0,0,1,1,11,0,0.23,17023
Tommy Pham,SDP,155,475,561,109,68,24,2,15,74,49,78,3,128,4,4,0,10,14,6,0.229,2967
Andrew Stevenson,WSN,109,192,213,44,33,6,0,5,22,23,13,2,61,5,1,2,3,1,1,0.229,17932
Ji-Man Choi,TBR,83,258,305,59,34,14,0,11,36,45,45,0,87,2,0,0,5,0,0,0.229,5452
Adam Duvall,- - -,146,513,555,117,60,17,2,38,67,113,35,1,174,4,3,0,7,5,0,0.228,10950
Yu Chang,CLE,89,237,251,54,28,14,3,9,32,39,11,0,69,2,1,0,4,1,0,0.228,14773
Bradley Zimmer,CLE,99,299,348,68,50,9,1,8,44,35,30,0,122,15,4,0,3,15,3,0.227,16221
Mitch Moreland,OAK,81,229,252,52,30,11,1,10,28,30,18,0,58,2,3,0,5,0,0,0.227,3086
Victor Caratini,SDP,116,313,356,71,55,9,0,7,33,39,35,8,82,4,4,0,13,2,0,0.227,14968
Robinson Chirinos,CHC,45,97,112,22,11,5,1,5,13,15,9,0,36,5,0,1,2,0,0,0.227,3142
Jurickson Profar,SDP,137,353,412,80,57,17,2,4,47,33,49,1,65,6,2,1,12,10,5,0.227,10815
Brad Miller,PHI,140,331,377,75,43,9,3,20,53,49,45,2,112,1,0,0,7,3,0,0.227,12775
Kevin Newman,PIT,148,517,554,117,87,22,3,5,50,39,27,3,41,1,3,6,7,6,1,0.226,17696
Lewis Brinson,MIA,89,274,290,62,39,14,0,9,24,33,13,0,72,1,1,1,5,1,1,0.226,14352
Ian Happ,CHC,148,465,535,105,59,20,1,25,63,66,62,0,156,5,1,2,12,9,2,0.226,17919
Joshua Fuentes,COL,95,271,284,61,42,11,1,7,30,33,12,1,65,0,1,0,5,0,0,0.225,16885
Ryan O'Hearn,KCR,84,236,254,53,38,5,1,9,23,29,13,0,71,2,3,0,7,0,0,0.225,16442
Mike Yastrzemski,SFG,139,468,532,105,49,28,3,25,75,71,51,4,131,9,3,1,3,4,0,0.224,14854
Oscar Mercado,CLE,72,214,238,48,30,11,1,6,27,19,21,0,42,2,0,1,1,7,1,0.224,16375
Cavan Biggio,TOR,79,250,294,56,38,10,1,7,27,27,37,2,78,1,4,1,4,3,1,0.224,19252
Andrew Velazquez,NYY,28,67,68,15,9,4,1,1,11,6,1,0,23,0,0,0,1,4,1,0.224,14196
Kurt Suzuki,LAA,72,219,247,49,35,8,0,6,17,16,12,0,44,11,3,2,7,0,0,0.224,8259
Miguel Sano,MIN,135,470,532,105,51,24,0,30,68,75,59,2,183,2,1,0,13,2,1,0.223,12164
Andrelton Simmons,MIN,131,412,451,92,77,12,0,3,37,31,32,0,62,3,1,3,14,1,0,0.223,10847
Trevor Larnach,MIN,79,260,301,58,39,12,0,7,29,28,31,0,104,8,2,0,3,1,0,0.223,21501
Jorge Soler,- - -,149,516,602,115,61,27,0,27,74,70,67,0,142,6,5,0,12,0,0,0.223,14221
Danny Jansen,TOR,70,184,205,41,17,13,0,11,32,28,17,0,44,3,0,1,4,0,0,0.223,16535
Brett Gardner,NYY,140,387,461,86,56,16,4,10,47,39,60,0,100,3,6,5,3,4,0,0.222,9927
Tomas Nido,NYM,58,153,161,34,25,5,1,3,16,13,5,1,44,3,0,0,4,1,0,0.222,13755
Cole Tucker,PIT,43,117,131,26,18,4,2,2,15,12,13,0,33,0,1,0,2,2,2,0.222,17326
Riley Adams,- - -,47,99,120,22,11,8,1,2,13,10,15,0,40,6,0,0,2,0,0,0.222,19864
Andrew McCutchen,PHI,144,482,574,107,55,24,1,27,78,80,81,2,132,4,7,0,10,6,1,0.222,9847
Brian Goodwin,CHW,72,235,271,52,33,10,1,8,33,29,33,0,58,1,1,1,2,1,0,0.221,12858
Nick Ahmed,ARI,129,434,473,96,58,30,3,5,46,38,34,3,104,2,1,2,9,7,2,0.221,12147
Daniel Johnson,CLE,30,77,81,17,13,0,0,4,9,5,4,0,27,0,0,0,0,1,0,0.221,19643
Webster Rivas,SDP,24,68,77,15,11,2,0,2,8,4,8,0,16,0,0,1,6,0,0,0.221,14636
Billy Hamilton,CHW,71,127,135,28,15,8,3,2,23,11,4,0,47,0,1,3,1,9,0,0.22,10199
Willi Castro,DET,125,413,450,91,61,15,6,9,56,38,23,1,109,8,3,3,5,9,4,0.22,17338
Jake McCarthy,ARI,24,59,70,13,8,3,0,2,11,4,8,0,23,2,0,1,0,3,2,0.22,21622
Travis d'Arnaud,ATL,60,209,229,46,25,14,0,7,21,26,17,0,53,2,1,0,7,0,0,0.22,7739
Guillermo Heredia,ATL,120,305,347,67,36,26,0,5,46,26,32,3,81,9,1,0,5,0,0,0.22,18721
Stephen Piscotty,OAK,72,173,188,38,25,8,0,5,14,16,13,0,48,2,0,0,2,1,0,0.22,13367
Danny Mendick,CHW,71,164,186,36,29,5,0,2,14,20,18,0,42,2,1,1,1,0,1,0.22,18889
Daniel Vogelbach,MIL,93,215,258,47,30,8,0,9,30,24,43,1,57,0,0,0,6,0,0,0.219,14130
Andres Gimenez,CLE,68,188,210,41,26,10,0,5,23,16,11,0,54,7,3,1,1,11,0,0.218,19950
Jack Mayfield,- - -,87,266,290,58,33,15,0,10,30,39,17,0,68,3,1,3,6,5,0,0.218,15402
Alan Trejo,COL,28,46,50,10,7,2,0,1,7,3,3,1,15,0,1,0,2,0,0,0.217,20056
Yoshi Tsutsugo,- - -,81,230,262,50,29,12,1,8,27,32,29,0,72,1,1,1,3,0,1,0.217,27459
Yonny Hernandez,TEX,43,143,166,31,26,5,0,0,15,6,17,0,32,4,1,1,2,11,2,0.217,19432
Austin Romine,CHC,28,60,62,13,10,2,0,1,5,5,2,0,22,0,0,0,4,0,0,0.217,5491
Will Craig,PIT,18,60,65,13,10,2,0,1,5,3,5,1,22,0,0,0,1,0,0,0.217,19267
Sean Murphy,OAK,119,393,448,85,45,23,0,17,47,59,40,0,114,12,3,0,7,0,0,0.216,19352
Abraham Almonte,ATL,64,148,175,32,15,12,0,5,20,19,26,0,38,0,1,0,2,1,1,0.216,5486
Mike Zunino,TBR,109,333,375,72,26,11,2,33,64,62,34,0,132,7,1,0,7,0,0,0.216,13265
Jake Marisnick,- - -,99,176,198,38,23,7,3,5,21,24,11,0,65,7,2,2,4,4,1,0.216,11339
Hunter Dozier,KCR,144,487,543,105,56,27,6,16,55,54,43,0,154,7,6,0,12,5,4,0.216,15117
Ender Inciarte,ATL,52,79,89,17,13,2,0,2,11,10,7,0,22,0,1,2,1,1,0,0.215,4922
Zach McKinstry,LAD,60,158,172,34,18,9,0,7,19,29,10,1,50,1,2,1,3,1,1,0.215,19392
Austin Barnes,LAD,77,200,225,43,29,8,0,6,28,23,20,1,56,4,0,1,6,1,0,0.215,12158
Sam Hilliard,COL,81,214,238,46,23,7,2,14,32,34,23,3,87,1,0,0,0,5,0,0.215,17954
Jarren Duran,BOS,33,107,112,23,16,3,2,2,17,10,4,0,40,0,1,0,1,2,1,0.215,24617
William Contreras,ATL,52,163,185,35,22,4,1,8,19,23,19,1,54,2,1,0,3,0,0,0.215,20503
Carlos Santana,KCR,158,565,659,121,87,15,0,19,66,69,86,3,102,3,5,0,12,2,0,0.214,2396
Niko Goodrum,DET,90,290,325,62,40,11,2,9,39,33,29,0,107,4,2,0,6,14,5,0.214,12092
Jason Heyward,CHC,104,323,353,69,44,15,2,8,35,30,27,1,68,3,0,0,4,5,1,0.214,4940
Seth Brown,OAK,111,281,307,60,26,13,1,20,43,48,23,2,89,1,2,0,1,4,1,0.214,18171
Marcell Ozuna,ATL,48,188,208,40,27,6,0,7,21,26,19,0,46,1,0,0,6,0,0,0.213,10324
Kyle Seager,SEA,159,603,670,128,63,29,1,35,73,101,59,2,161,4,4,0,7,3,1,0.212,9785
Nomar Mazara,DET,50,165,181,35,25,5,2,3,12,19,15,0,45,0,1,0,4,0,0,0.212,14553
Josh VanMeter,ARI,112,274,310,58,33,17,2,6,26,36,33,0,83,1,2,0,5,3,2,0.212,15170
Max Kepler,MIN,121,426,490,90,46,21,4,19,61,54,54,3,96,6,4,0,2,10,0,0.211,12144
Justin Upton,LAA,89,318,362,67,38,12,0,17,47,41,39,0,107,1,3,0,11,4,1,0.211,5222
Taylor Walls,TBR,54,152,176,32,21,10,0,1,15,15,23,0,49,0,0,1,3,4,2,0.211,22458
Jon Berti,MIA,85,233,271,49,34,10,1,4,35,19,32,0,61,3,2,1,7,8,4,0.21,12037
Jake Fraley,SEA,78,214,265,45,29,7,0,9,27,36,46,1,71,2,2,1,3,10,2,0.21,19260
Zack Collins,CHW,78,195,231,41,24,13,0,4,25,26,34,1,69,1,0,1,4,1,1,0.21,19181
Curt Casali,SFG,77,200,231,42,25,11,1,5,20,26,26,4,66,4,0,1,3,0,0,0.21,12510
Matt Chapman,OAK,151,529,622,111,66,15,3,27,75,72,80,0,202,4,9,0,6,3,2,0.21,16505
David Dahl,TEX,63,205,220,43,28,11,0,4,19,18,10,0,59,1,3,1,3,2,1,0.21,13744
Dustin Garneau,DET,20,62,68,13,2,5,0,6,9,11,3,0,18,1,2,0,2,0,0,0.21,9433
Maikel Franco,BAL,104,377,403,79,46,22,0,11,31,47,20,0,67,3,3,0,12,0,0,0.21,12179
Didi Gregorius,PHI,103,368,408,77,46,16,2,13,35,54,25,1,67,8,7,0,8,3,0,0.209,6012
Jake Bauers,- - -,115,282,315,59,48,7,0,4,27,19,30,1,78,2,0,0,1,6,1,0.209,15194
Andy Young,ARI,58,91,104,19,6,7,0,6,13,15,6,0,45,6,1,0,3,0,0,0.209,19521
Brock Holt,TEX,77,235,260,49,33,13,1,2,21,23,23,0,49,1,1,0,5,5,1,0.209,9345
Gregory Polanco,PIT,107,336,382,70,45,12,2,11,38,36,36,2,104,2,8,0,8,14,1,0.208,12907
Jason Martin,TEX,58,144,154,30,21,3,0,6,14,17,8,0,41,0,1,1,1,3,1,0.208,16429
Jose Rojas,LAA,61,168,184,35,15,14,0,6,26,15,15,0,50,1,0,0,2,2,1,0.208,19331
Isaac Paredes,DET,23,72,85,15,10,3,1,1,7,5,10,1,11,1,2,0,4,0,0,0.208,20036
Bobby Bradley,CLE,74,245,279,51,25,10,0,16,36,41,25,1,99,6,3,0,3,0,0,0.208,17278
Mike Moustakas,CIN,62,183,206,38,20,12,0,6,21,22,18,0,46,2,3,0,6,0,0,0.208,4892
Joe Panik,- - -,95,236,257,49,37,9,0,3,17,18,17,1,34,2,1,1,9,2,0,0.208,11936
Jarrod Dyson,- - -,102,135,149,28,19,7,2,0,17,10,10,0,33,0,1,3,1,10,5,0.207,4866
Carter Kieboom,WSN,62,217,249,45,33,6,0,6,26,20,25,2,62,5,2,0,9,0,0,0.207,19958
Donovan Walton,SEA,24,63,69,13,8,2,1,2,6,7,4,0,15,0,0,2,1,1,0,0.206,19314
Khris Davis,- - -,42,102,114,21,12,5,1,3,11,10,10,0,31,0,2,0,2,0,0,0.206,9112
Phillip Evans,PIT,76,214,247,44,34,5,0,5,23,16,28,1,53,5,0,0,3,1,0,0.206,12950
Brett Phillips,TBR,119,253,292,52,26,9,4,13,50,44,33,0,113,2,2,2,3,14,3,0.206,14735
Wilson Ramos,- - -,44,151,163,31,18,5,0,8,15,20,9,0,36,0,1,0,2,0,0,0.205,1433
Lewin Diaz,MIA,40,122,128,25,12,4,1,8,16,13,6,1,33,0,0,0,1,0,0,0.205,18365
Sergio Alcantara,CHC,89,220,255,45,31,6,3,5,30,17,30,2,74,2,2,1,3,3,0,0.205,16417
Aramis Garcia,OAK,32,88,94,18,14,1,0,3,8,7,1,0,28,3,0,2,4,0,0,0.205,16925
Jose Peraza,NYM,64,142,154,29,16,7,0,6,21,20,9,0,26,3,0,0,5,1,0,0.204,13593
Owen Miller,CLE,60,191,202,39,27,8,0,4,17,18,9,0,54,1,1,0,7,2,0,0.204,24655
D.J. Stewart,BAL,100,270,318,55,33,10,0,12,39,33,44,1,89,4,0,0,3,0,0,0.204,17766
Shogo Akiyama,CIN,88,162,183,33,25,8,0,0,16,12,14,1,40,4,1,1,1,2,3,0.204,27461
Gary Sanchez,NYY,117,383,440,78,41,13,1,23,54,54,52,3,121,5,0,0,14,0,0,0.204,11442
Julio Urias,LAD,32,59,70,12,10,2,0,0,5,9,0,0,22,1,0,10,1,0,0,0.203,14765
Victor Robles,WSN,107,315,369,64,40,21,1,2,37,19,33,3,85,16,1,4,7,8,6,0.203,18363
Jordan Luplow,- - -,62,163,193,33,14,8,0,11,23,28,28,0,57,2,0,0,2,1,2,0.202,16424
Ha-seong Kim,SDP,117,267,298,54,32,12,2,8,27,34,22,1,71,4,3,2,6,6,1,0.202,27506
Tom Murphy,SEA,97,277,325,56,37,8,0,11,35,34,40,0,99,2,3,0,8,0,0,0.202,13499
Rougned Odor,NYY,102,322,361,65,38,12,0,15,42,39,27,2,100,11,0,1,3,0,1,0.202,12282
Luis Rengifo,LAA,54,174,190,35,28,1,0,6,22,18,9,0,38,2,2,3,3,1,0,0.201,19858
Brent Rooker,MIN,58,189,213,38,19,10,0,9,25,16,15,0,70,9,0,0,1,0,0,0.201,19627
Adam Eaton,- - -,84,254,288,51,33,10,2,6,38,30,22,0,71,7,1,4,6,3,0,0.201,11205
Pat Valaika,BAL,91,259,281,52,39,8,0,5,17,25,16,0,76,2,3,1,4,1,1,0.201,14885
Henry Ramos,ARI,18,50,55,10,7,2,0,1,5,8,4,0,12,0,1,0,1,0,0,0.2,11481
Travis Shaw,- - -,84,220,250,44,24,11,0,9,20,39,24,0,68,3,1,2,2,0,0,0.2,11982
Alex Blandino,CIN,43,70,82,14,10,4,0,0,9,5,8,0,28,4,0,0,0,1,0,0.2,16271
Chad Wallach,MIA,23,60,66,12,9,2,1,0,2,6,3,0,32,1,2,0,1,0,0,0.2,17161
Jose Barrero,CIN,21,50,56,10,5,4,1,0,4,3,3,0,17,3,0,0,2,1,0,0.2,23378
David Bote,CHC,97,291,327,58,38,10,2,8,32,35,27,0,73,5,3,1,13,0,1,0.199,14593
Marwin Gonzalez,- - -,91,276,307,55,36,14,0,5,30,28,20,0,78,9,1,1,8,3,2,0.199,5497
Joey Gallo,- - -,153,498,616,99,47,13,1,38,90,77,111,5,213,6,1,0,6,6,0,0.199,14128
Ryan Jeffers,MIN,85,267,293,53,28,10,1,14,28,35,22,0,108,4,0,0,6,0,1,0.199,24618
Shed Long Jr.,SEA,34,111,121,22,13,4,1,4,13,17,9,0,39,0,0,1,3,1,0,0.198,16542
Eugenio Suarez,CIN,145,505,574,100,46,23,0,31,71,79,56,0,171,8,5,0,14,0,1,0.198,12552
Rodolfo Castro,PIT,31,86,93,17,10,2,0,5,9,8,6,0,27,1,0,0,4,0,0,0.198,21987
Orlando Arcia,- - -,36,81,89,16,11,3,0,2,9,14,7,1,19,0,1,0,2,1,0,0.198,13185
DJ Peters,- - -,70,223,240,44,21,9,1,13,29,38,12,4,82,2,3,0,4,2,0,0.197,19348
Paul DeJong,STL,113,356,402,70,40,10,1,19,44,45,35,0,103,9,2,0,6,4,1,0.197,18015
Jonah Heim,TEX,82,265,285,52,29,13,0,10,22,32,15,0,58,1,3,1,8,3,1,0.196,16930
Hoy Park,- - -,45,128,150,25,15,5,2,3,16,14,18,1,38,1,1,1,4,1,1,0.195,18027
Stephen Vogt,- - -,78,210,238,41,27,6,1,7,24,25,26,2,56,0,1,1,2,0,0,0.195,5000
Aaron Hicks,NYY,32,108,126,21,14,3,0,4,13,14,14,0,30,2,2,0,3,0,0,0.194,5297
Jake Lamb,- - -,55,144,170,28,17,4,0,7,25,19,22,0,51,2,2,0,4,0,0,0.194,13329
Daz Cameron,DET,35,103,115,20,11,5,0,4,16,13,10,0,38,2,0,0,2,6,0,0.194,18353
Isan Diaz,MIA,89,238,277,46,33,9,0,4,25,17,34,6,73,1,3,1,2,1,1,0.193,17922
Billy McKinney,- - -,116,265,300,51,28,11,3,9,32,27,32,2,79,1,2,0,3,2,0,0.192,15654
Alex Avila,WSN,34,89,111,17,6,9,1,1,5,9,19,1,37,2,0,1,4,0,0,0.191,7476
Patrick Mazeika,NYM,37,79,87,15,11,3,0,1,6,6,4,1,18,3,1,0,2,0,0,0.19,18142
Aristides Aquino,CIN,84,174,204,33,16,6,1,10,25,23,27,2,75,1,2,0,0,2,2,0.19,15482
Jake Cave,MIN,76,164,178,31,21,6,1,3,14,13,10,0,62,3,0,1,0,1,1,0.189,14477
Franchy Cordero,BOS,48,127,136,24,17,6,0,1,12,9,8,0,51,0,0,1,1,1,1,0.189,14567
Manny Pina,MIL,75,180,208,34,15,6,0,13,27,33,22,0,38,5,1,0,4,0,0,0.189,2829
Renato Nunez,DET,14,53,55,10,3,3,0,4,7,7,1,0,16,1,0,0,2,0,0,0.189,14503
Dom Nunez,COL,81,228,263,43,18,12,3,10,31,33,34,4,91,0,1,0,0,0,0,0.189,15055
Eddy Alvarez,MIA,24,64,74,12,6,4,1,1,8,6,4,1,18,6,0,0,2,1,0,0.188,16959
Mike Brosseau,TBR,57,150,169,28,14,9,0,5,21,18,15,0,53,2,2,0,1,2,0,0.187,19683
Mike Freeman,CIN,37,59,65,11,11,0,0,0,6,3,5,1,20,1,0,0,1,1,1,0.186,11241
Sam Haggerty,SEA,35,86,94,16,11,3,0,2,15,5,6,0,28,1,0,1,1,5,1,0.186,18054
Clint Frazier,NYY,66,183,218,34,20,9,0,5,20,15,32,0,65,3,0,0,8,2,0,0.186,15983
Wade Miley,CIN,30,54,59,10,7,3,0,0,9,3,3,0,13,0,0,2,0,0,0,0.185,8779
Kevin Gausman,SFG,34,54,62,10,10,0,0,0,6,4,2,0,31,0,1,5,0,0,0,0.185,14107
Austin Wynns,BAL,45,130,139,24,16,4,0,4,14,14,8,0,31,0,0,1,6,1,0,0.185,15271
Jonathan Arauz,BOS,28,65,75,12,6,3,0,3,9,8,8,0,15,0,0,2,2,0,0,0.185,20275
Ryan McKenna,BAL,90,169,197,31,22,6,1,2,20,14,24,0,74,2,0,2,1,1,0,0.183,19928
Andrew Romine,CHC,26,60,64,11,8,2,0,1,7,5,4,0,24,0,0,0,1,0,1,0.183,1159
Sandy Leon,MIA,84,202,220,37,28,5,0,4,15,14,12,0,65,3,2,1,2,0,0,0.183,5273
Seby Zavala,CHW,37,93,104,17,9,3,0,5,15,15,6,0,41,1,0,4,1,0,0,0.183,18887
Luke Raley,LAD,33,66,72,12,9,1,0,2,5,4,2,1,25,4,0,0,1,0,0,0.182,19354
Tucupita Marcano,SDP,25,44,50,8,7,1,0,0,7,3,6,0,9,0,0,0,2,0,1,0.182,22871
Kyle Higashioka,NYY,67,193,211,35,15,10,0,10,20,29,17,0,59,0,1,0,4,0,0,0.181,5517
Danny Santana,BOS,38,116,127,21,13,2,1,5,15,14,10,0,30,1,0,0,0,4,2,0.181,10322
Jarred Kelenic,SEA,93,337,377,61,33,13,1,14,41,43,36,0,106,3,1,0,5,6,4,0.181,22558
Mike Tauchman,- - -,75,166,191,30,21,5,0,4,22,15,23,0,58,1,0,1,0,3,3,0.181,15274
Dylan Moore,SEA,126,332,377,60,35,11,2,12,42,43,40,0,111,4,1,0,6,21,5,0.181,18042
Tim Locastro,- - -,64,139,156,25,19,4,0,2,15,7,7,0,33,9,1,0,2,5,3,0.18,15124
Cal Raleigh,SEA,47,139,148,25,11,12,0,2,6,13,7,0,52,1,1,0,3,0,0,0.18,21534
Austin Hedges,CLE,88,286,312,51,34,7,0,10,32,31,15,1,87,1,3,7,7,1,0,0.178,12976
Pablo Sandoval,ATL,69,73,86,13,9,0,0,4,11,11,11,0,25,2,0,0,2,0,0,0.178,5409
Jason Vosler,SFG,41,73,82,13,6,4,0,3,12,9,7,1,21,1,1,0,5,2,0,0.178,16686
Eli White,TEX,64,198,220,35,22,6,1,6,26,15,18,0,66,4,0,0,2,4,3,0.177,19346
Andrew Knizner,STL,63,161,185,28,20,7,0,1,18,9,20,2,39,4,0,0,7,0,0,0.174,19514
Roman Quinn,PHI,28,52,62,9,5,2,2,0,8,2,6,0,19,4,0,0,0,4,3,0.173,13546
Martin Maldonado,HOU,125,373,426,64,41,10,1,12,40,36,47,1,127,5,1,0,9,0,0,0.172,6887
JaCoby Jones,DET,36,100,105,17,13,2,0,2,9,9,5,0,42,0,0,0,2,2,2,0.17,14818
Sheldon Neuse,LAD,33,65,66,11,7,1,0,3,6,4,1,0,26,0,0,0,2,1,1,0.169,19635
Matt Carpenter,STL,130,207,249,35,20,11,1,3,18,21,35,1,77,6,1,0,1,2,0,0.169,8090
Ben Rortvedt,MIN,39,89,98,15,11,1,0,3,8,7,6,0,29,1,0,2,2,0,0,0.169,20287
Kevan Smith,- - -,33,95,106,16,13,3,0,0,8,3,10,3,31,0,0,0,3,0,0,0.168,12284
Rio Ruiz,- - -,62,125,141,21,14,4,0,3,11,10,12,0,38,1,2,1,3,2,0,0.168,14103
Keston Hiura,MIL,61,173,197,29,15,9,1,4,16,19,14,0,77,7,1,2,6,3,0,0.168,20003
Jon Lester,- - -,30,48,51,8,5,2,0,1,3,3,2,0,24,0,0,1,0,0,0,0.167,4930
Kean Wong,LAA,32,60,66,10,7,2,1,0,3,6,2,0,17,0,0,4,0,0,1,0.167,15994
Stevie Wilkerson,BAL,31,72,76,12,9,3,0,0,5,2,3,0,30,1,0,0,0,2,0,0.167,16041
Cody Bellinger,LAD,95,315,350,52,31,9,2,10,39,36,31,2,94,1,3,0,2,3,1,0.165,15998
Daniel Robertson,MIL,50,73,90,12,8,2,0,2,10,4,12,1,28,3,1,1,1,0,0,0.164,14145
Luis Castillo,CIN,33,49,59,8,6,2,0,0,1,2,1,0,23,0,0,9,1,0,0,0.163,15689
Jackie Bradley Jr.,MIL,134,387,428,63,40,14,3,6,39,29,28,0,132,10,3,0,8,7,1,0.163,12984
Zack Wheeler,PHI,33,68,73,11,9,2,0,0,1,3,0,0,39,0,0,5,1,0,0,0.162,10310
Leody Taveras,TEX,49,174,185,28,17,6,2,3,14,9,9,0,60,1,0,1,3,10,1,0.161,18900
Jose Marmolejos,SEA,41,106,122,17,9,4,0,4,11,12,15,0,39,0,1,0,0,0,0,0.16,15767
Taylor Trammell,SEA,51,156,178,25,10,7,0,8,23,18,17,0,75,3,0,2,1,2,3,0.16,19960
Justin Williams,STL,51,119,137,19,15,0,0,4,10,11,17,5,46,1,0,0,2,0,1,0.16,15490
Brian O'Grady,SDP,32,51,61,8,3,3,0,2,8,9,8,0,17,0,1,1,1,0,0,0.157,16729
Ildemaro Vargas,- - -,34,77,83,12,8,3,1,0,7,7,6,1,17,0,0,0,2,1,0,0.156,13324
Corbin Burnes,MIL,28,52,59,8,8,0,0,0,1,4,3,0,26,0,0,4,0,0,0,0.154,19361
Andrew Knapp,PHI,62,145,159,22,17,3,0,2,13,11,10,0,61,2,1,1,1,0,0,0.152,14942
Robel Garcia,HOU,47,106,117,16,12,3,0,1,8,8,8,0,42,1,1,1,2,0,0,0.151,13167
Jahmai Jones,BAL,26,67,72,10,7,3,0,0,5,3,4,0,26,1,0,0,1,1,0,0.149,18872
Roberto Perez,CLE,44,141,161,21,11,3,0,7,13,17,17,0,56,1,0,2,1,1,0,0.149,2900
Chance Sisco,- - -,28,74,83,11,8,3,0,0,5,4,7,0,21,2,0,0,1,0,0,0.149,15694
Evan White,SEA,30,97,104,14,9,3,0,2,8,9,6,0,31,1,0,0,1,0,0,0.144,20078
Michael Perez,PIT,70,210,231,30,14,8,1,7,19,21,19,1,68,2,0,0,4,0,1,0.143,12977
Aaron Nola,PHI,33,49,63,7,5,2,0,0,5,4,6,0,29,0,1,7,0,0,0,0.143,16149
Zack Short,DET,61,156,184,22,12,4,0,6,21,20,22,1,59,0,6,0,4,2,0,0.141,19562
Ka'ai Tom,- - -,48,108,133,15,10,2,1,2,10,12,17,1,36,5,3,0,1,1,0,0.139,18136
Alex Jackson,- - -,52,131,151,18,11,4,0,3,13,12,13,1,73,7,0,0,0,0,0,0.137,17276
Joe Musgrove,SDP,40,51,57,7,5,2,0,0,2,1,1,0,23,0,1,4,0,0,0,0.137,12970
Gilberto Celestino,MIN,23,59,62,8,3,3,0,2,7,3,3,0,14,0,0,0,2,0,0,0.136,20233
Mike Ford,NYY,22,60,72,8,5,0,0,3,6,5,11,1,23,1,0,0,1,0,0,0.133,15585
Patrick Corbin,WSN,31,53,63,7,7,0,0,0,1,0,3,0,24,0,0,7,0,0,0,0.132,9323
Logan Webb,SFG,28,46,53,6,2,2,1,1,7,7,2,0,21,0,0,5,1,0,0,0.13,17995
Drew Ellis,ARI,28,69,83,9,6,2,0,1,10,5,10,1,27,4,0,0,1,0,0,0.13,19873
Charlie Morton,ATL,34,55,62,7,6,1,0,0,5,1,0,0,31,0,0,7,0,0,0,0.127,4676
Jonathan Davis,- - -,64,87,103,11,9,1,0,1,20,4,12,0,26,3,1,0,1,4,1,0.126,15104
Adam Wainwright,STL,34,57,74,7,5,2,0,0,1,4,3,0,25,0,0,14,2,0,0,0.123,2233
Wyatt Mathisen,ARI,23,42,51,5,4,0,0,1,3,8,5,0,21,3,1,0,0,0,0,0.119,14555
Kyle Hendricks,CHC,32,52,61,6,5,1,0,0,3,1,2,0,26,0,0,7,0,0,0,0.115,12049
Albert Almora Jr.,NYM,47,52,54,6,3,3,0,0,3,0,2,0,17,0,0,0,1,0,0,0.115,14109
Brandon Woodruff,MIL,30,52,58,6,6,0,0,0,0,2,3,0,28,0,0,3,0,0,0,0.115,16162
Domingo Leyba,- - -,34,87,96,10,8,1,0,1,6,4,8,0,23,1,0,0,4,0,0,0.115,16404
Cristian Pache,ATL,22,63,68,7,3,3,0,1,6,4,2,0,25,1,0,2,1,0,0,0.111,19948
Taijuan Walker,NYM,31,47,51,5,5,0,0,0,0,1,1,0,29,1,0,2,1,0,0,0.106,11836
Jon Gray,COL,31,47,50,5,5,0,0,0,2,3,0,0,32,0,0,3,0,0,0,0.106,14916
Madison Bumgarner,ARI,28,39,52,4,3,1,0,0,3,3,9,0,29,1,1,2,0,0,0,0.103,5524
Walker Buehler,LAD,34,69,82,7,5,2,0,0,5,3,5,0,45,0,0,8,0,0,0,0.101,19374
Marcus Stroman,NYM,33,51,58,5,3,2,0,0,2,1,4,0,24,0,0,3,0,1,0,0.098,13431
Yu Darvish,SDP,30,53,55,5,3,2,0,0,2,1,0,0,25,1,0,1,2,0,0,0.094,13074
Matt Joyce,PHI,43,55,69,5,2,1,0,2,6,7,12,2,16,1,1,0,2,0,0,0.091,3353
Skye Bolt,- - -,34,57,60,5,3,1,0,1,5,4,1,0,15,0,0,2,0,2,0,0.088,17723
Edwin Rios,LAD,25,51,60,4,3,0,0,1,4,1,7,0,18,2,0,0,3,0,0,0.078,18316
Merrill Kelly,ARI,27,47,58,3,2,1,0,0,1,1,4,0,27,0,0,7,1,0,0,0.064,11156
Tyler Mahle,CIN,33,55,66,3,3,0,0,0,1,1,4,0,19,0,0,7,2,0,0,0.055,16358
Antonio Senzatela,COL,28,39,51,2,2,0,0,0,1,1,0,0,19,0,0,12,0,0,0,0.051,15488
Anthony DeSclafani,SFG,34,51,62,2,1,1,0,0,2,1,4,0,33,0,0,7,0,0,0,0.039,13050
Sandy Alcantara,MIA,33,58,64,2,1,1,0,0,0,0,3,0,45,1,0,2,0,0,0,0.034,18684
Max Scherzer,- - -,30,59,63,0,0,0,0,0,0,1,0,0,28,0,1,3,1,0,0,0,3137
