Name,Team,K/9,BB/9,K/BB,HR/9,K%,BB%,K-BB%,AVG,WHIP,BABIP,LOB%,ERA-,FIP-,xFIP-,ERA,FIP,E-F,xFIP,SIERA,playerid
Jacob deGrom,NYM,14.28,1.08,13.27,0.59,45.10%,3.40%,41.70%,0.128,0.55,0.213,87.20%,27,29,37,1.08,1.24,-0.16,1.61,1.74,10954
Corbin Burnes,MIL,12.61,1.83,6.88,0.38,35.60%,5.20%,30.40%,0.199,0.94,0.309,75.70%,57,38,54,2.43,1.63,0.79,2.3,2.61,19361
Josh Hader,MIL,15.65,3.68,4.25,0.46,45.50%,10.70%,34.80%,0.126,0.84,0.237,91.90%,29,39,55,1.23,1.69,-0.46,2.35,2.09,14212
Jesse Chavez,ATL,9.62,2.94,3.27,0,27.10%,8.30%,18.80%,0.189,1.01,0.267,73.50%,50,47,87,2.14,2.01,0.13,3.69,3.58,5448
Ryan Pressly,HOU,11.39,1.83,6.23,0.56,32.40%,5.20%,27.20%,0.207,0.97,0.296,76.20%,53,49,57,2.25,2.06,0.19,2.43,2.42,7005
Emmanuel Clase,CLE,9.56,2.07,4.63,0.26,26.50%,5.70%,20.80%,0.194,0.96,0.262,76.30%,30,50,61,1.29,2.11,-0.82,2.6,2.52,21032
Collin McHugh,TBR,10.41,1.69,6.17,0.42,30.00%,4.90%,25.10%,0.206,0.94,0.288,81.30%,38,52,72,1.55,2.12,-0.58,3.06,2.87,7531
Taylor Rogers,MIN,13.17,1.79,7.38,0.89,35.50%,4.80%,30.70%,0.241,1.14,0.358,69.30%,77,50,50,3.35,2.13,1.22,2.11,2.2,13449
Liam Hendriks,CHW,14.32,0.89,16.14,1.39,42.30%,2.60%,39.70%,0.174,0.73,0.252,79.80%,59,54,50,2.54,2.34,0.2,2.14,1.57,3548
Craig Kimbrel,- - -,15.08,3.47,4.35,0.91,42.60%,9.80%,32.80%,0.148,0.91,0.243,78.20%,53,55,62,2.26,2.43,-0.17,2.66,2.23,6655
Aaron Loup,NYM,9.05,2.54,3.56,0.16,26.10%,7.30%,18.80%,0.187,0.94,0.257,86.30%,24,59,79,0.95,2.45,-1.49,3.37,3.32,10343
Casey Sadler,SEA,8.26,2.23,3.7,0.22,25.50%,6.90%,18.60%,0.142,0.72,0.188,90.90%,16,60,76,0.67,2.48,-1.81,3.25,3.06,11209
Edwin Diaz,NYM,12.78,3.3,3.87,0.43,34.60%,8.90%,25.70%,0.191,1.05,0.301,67.80%,88,60,81,3.45,2.48,0.96,3.47,2.84,14710
Trevor Rogers,MIA,10.62,3.11,3.41,0.41,28.50%,8.40%,20.20%,0.214,1.15,0.301,74.90%,66,61,83,2.64,2.55,0.09,3.54,3.72,22286
Jonathan Loaisiga,NYY,8.79,2.04,4.31,0.38,24.40%,5.70%,18.70%,0.212,1.02,0.276,79.10%,50,59,74,2.17,2.58,-0.41,3.15,3.01,19753
Tanner Houck,BOS,11.35,2.74,4.14,0.52,30.50%,7.40%,23.20%,0.221,1.13,0.317,66.30%,78,61,75,3.52,2.58,0.95,3.2,3.28,19879
Zack Wheeler,PHI,10.42,1.94,5.37,0.68,29.10%,5.40%,23.70%,0.213,1.01,0.288,75.30%,66,59,66,2.78,2.59,0.2,2.84,3.18,10310
Scott Barlow,KCR,11.02,3.39,3.25,0.48,29.70%,9.20%,20.60%,0.221,1.2,0.315,83.10%,55,63,84,2.42,2.63,-0.21,3.59,3.33,14993
Carlos Rodon,CHW,12.55,2.44,5.14,0.88,34.60%,6.70%,27.90%,0.186,0.96,0.267,82.20%,55,61,74,2.37,2.65,-0.28,3.17,2.96,16137
David Bednar,PIT,11.42,2.82,4.05,0.74,32.50%,8.00%,24.50%,0.184,0.97,0.259,84.90%,54,63,75,2.23,2.69,-0.47,3.19,2.92,19569
A.J. Minter,ATL,9.8,3.44,2.85,0.34,25.80%,9.00%,16.70%,0.22,1.22,0.298,61.10%,88,64,90,3.78,2.69,1.09,3.81,3.69,18655
Pete Fairbanks,TBR,11.81,4.43,2.67,0.42,29.60%,11.10%,18.50%,0.24,1.43,0.349,67.60%,87,66,89,3.59,2.7,0.88,3.79,3.58,17998
Ranger Suarez,PHI,9.08,2.8,3.24,0.34,25.60%,7.90%,17.70%,0.192,1,0.257,86.30%,32,62,79,1.36,2.72,-1.36,3.38,3.51,17277
Logan Webb,SFG,9.59,2.18,4.39,0.55,26.50%,6.00%,20.50%,0.232,1.11,0.309,74.70%,75,67,65,3.03,2.72,0.32,2.79,3.13,17995
Luis Garcia,STL,9.18,2.16,4.25,0.54,25.20%,5.90%,19.30%,0.198,0.99,0.256,70.50%,81,66,83,3.24,2.72,0.52,3.53,3.36,6984
Ryan Tepera,- - -,10.86,2.79,3.89,0.59,30.80%,7.90%,22.90%,0.161,0.88,0.223,74.40%,65,64,85,2.79,2.73,0.06,3.64,3.08,10291
Giovanny Gallegos,STL,10.64,2.24,4.75,0.67,30.60%,6.50%,24.20%,0.18,0.88,0.246,71.40%,75,66,87,3.02,2.75,0.28,3.69,3.01,14986
Tyler Glasnow,TBR,12.58,2.76,4.56,1.02,36.20%,7.90%,28.20%,0.176,0.93,0.25,82.40%,65,68,63,2.66,2.77,-0.11,2.7,2.92,14374
Nathan Eovaldi,BOS,9.63,1.73,5.57,0.74,25.50%,4.60%,20.90%,0.252,1.19,0.326,70.40%,83,66,81,3.75,2.79,0.96,3.48,3.6,9132
Garrett Crochet,CHW,10.77,4.47,2.41,0.33,28.30%,11.70%,16.50%,0.208,1.27,0.296,71.40%,65,64,92,2.82,2.8,0.01,3.95,3.82,27463
Dylan Floro,MIA,8.72,3.52,2.48,0.28,23.00%,9.30%,13.70%,0.216,1.22,0.282,70.50%,70,68,93,2.81,2.81,0,3.95,3.93,13394
Devin Williams,MIL,14.5,4.67,3.11,0.83,38.50%,12.40%,26.10%,0.184,1.19,0.298,83.10%,59,66,68,2.5,2.82,-0.32,2.92,2.9,15816
Raisel Iglesias,LAA,13.24,1.54,8.58,1.41,37.70%,4.40%,33.30%,0.204,0.93,0.288,81.00%,59,65,54,2.57,2.83,-0.26,2.3,2.06,17130
Josh Taylor,BOS,11.33,4.34,2.61,0.38,28.70%,11.00%,17.70%,0.246,1.43,0.355,77.70%,75,67,86,3.4,2.83,0.56,3.66,3.63,17359
Lucas Luetge,NYY,9.71,1.87,5.2,0.75,25.90%,5.00%,20.90%,0.237,1.13,0.307,71.80%,64,65,86,2.74,2.84,-0.1,3.66,3.27,8337
Garrett Whitlock,BOS,9.94,2.09,4.76,0.74,27.20%,5.70%,21.50%,0.23,1.1,0.304,82.00%,43,67,75,1.96,2.84,-0.88,3.22,3.06,20191
Blake Treinen,LAD,10.58,3.11,3.4,0.62,29.70%,8.70%,21.00%,0.178,0.98,0.244,80.60%,49,67,76,1.99,2.88,-0.89,3.25,3.15,12572
Gerrit Cole,NYY,12.06,2.03,5.93,1.19,33.50%,5.60%,27.80%,0.221,1.06,0.305,77.90%,75,67,69,3.23,2.92,0.3,2.93,2.93,13125
Alex Cobb,LAA,9.45,3.18,2.97,0.48,24.90%,8.40%,16.50%,0.238,1.26,0.315,65.80%,86,67,79,3.76,2.92,0.84,3.38,3.83,6562
Joe Mantiply,ARI,8.62,3.86,2.24,0.23,21.50%,9.60%,11.90%,0.283,1.56,0.367,63.30%,80,70,95,3.4,2.94,0.46,4.04,4.15,14857
Spencer Turnbull,DET,7.92,2.16,3.67,0.36,21.90%,6.00%,15.90%,0.201,0.98,0.254,70.30%,66,69,88,2.88,2.95,-0.07,3.77,3.82,16207
Aaron Bummer,CHW,11.98,4.63,2.59,0.48,31.00%,12.00%,19.00%,0.201,1.26,0.298,66.40%,82,67,66,3.51,2.96,0.56,2.8,2.91,16258
Brandon Woodruff,MIL,10.59,2.16,4.91,0.9,29.80%,6.10%,23.70%,0.198,0.96,0.261,81.40%,60,69,72,2.56,2.96,-0.4,3.05,3.31,16162
Nick Sandlin,CLE,12.83,4.54,2.82,0.53,34.00%,12.10%,22.00%,0.175,1.13,0.271,68.90%,68,70,87,2.94,2.96,-0.02,3.71,3.27,20517
Matt Wisler,- - -,11.47,2.03,5.64,1.11,31.80%,5.60%,26.20%,0.224,1.07,0.304,65.00%,91,73,83,3.7,2.96,0.73,3.54,2.91,12804
Michael Kopech,CHW,13.37,3.12,4.29,1.17,36.10%,8.40%,27.70%,0.208,1.13,0.304,78.30%,82,68,70,3.5,2.97,0.54,2.99,2.7,17282
Max Scherzer,- - -,11.84,1.81,6.56,1.15,34.10%,5.20%,28.90%,0.184,0.86,0.247,84.30%,59,69,76,2.46,2.97,-0.52,3.24,2.9,3137
Cole Sulser,BAL,10.37,3.27,3.17,0.71,28.40%,8.90%,19.50%,0.205,1.12,0.276,79.70%,61,66,87,2.7,2.98,-0.28,3.74,3.45,15256
Andrew Chafin,- - -,8.39,2.49,3.37,0.52,24.10%,7.10%,16.90%,0.184,0.93,0.232,86.10%,44,71,94,1.83,2.98,-1.15,4,3.68,12988
Clayton Kershaw,LAD,10.65,1.55,6.86,1.11,29.50%,4.30%,25.20%,0.222,1.02,0.289,71.70%,87,70,67,3.55,3,0.55,2.87,3.1,2036
Lucas Sims,CIN,14.55,3.45,4.22,1.15,39.00%,9.20%,29.70%,0.197,1.11,0.308,63.00%,100,68,71,4.4,3,1.4,3.03,2.5,13470
Kevin Gausman,SFG,10.64,2.34,4.54,0.94,29.30%,6.50%,22.80%,0.208,1.04,0.274,78.40%,69,74,77,2.81,3,-0.19,3.28,3.42,14107
Richard Bleier,MIA,6.83,0.93,7.33,0.62,19.60%,2.70%,16.90%,0.236,0.98,0.28,73.50%,74,73,67,2.95,3.01,-0.07,2.88,2.65,7803
Shane Bieber,CLE,12.48,3.07,4.06,1.02,33.10%,8.10%,24.90%,0.228,1.21,0.327,80.50%,73,72,68,3.17,3.03,0.14,2.91,3.21,19427
Andrew Kittredge,TBR,9.67,1.88,5.13,0.88,27.30%,5.30%,22.00%,0.208,0.98,0.267,82.30%,46,75,72,1.88,3.04,-1.16,3.05,2.95,12828
Adam Cimber,- - -,6.4,2.01,3.19,0.25,17.80%,5.60%,12.20%,0.232,1.07,0.281,73.90%,54,73,99,2.26,3.07,-0.81,4.21,3.92,15288
Dominic Leone,SFG,8.39,3.69,2.27,0.34,22.80%,10.00%,12.80%,0.189,1.1,0.243,78.70%,37,76,103,1.51,3.08,-1.57,4.37,4.19,13763
Paul Sewald,SEA,14.47,3.34,4.33,1.39,39.40%,9.10%,30.30%,0.175,1.02,0.254,80.80%,74,74,70,3.06,3.08,-0.02,3,2.48,13892
Joe Kelly,LAD,10.23,3.07,3.33,0.61,27.50%,8.20%,19.20%,0.172,0.98,0.227,72.40%,70,72,74,2.86,3.08,-0.22,3.16,3.09,9761
Kenley Jansen,LAD,11.22,4.7,2.39,0.52,30.90%,12.90%,18.00%,0.15,1.04,0.213,77.50%,54,72,95,2.22,3.08,-0.87,4.04,3.72,3096
Drew Rasmussen,- - -,8.64,2.96,2.92,0.59,23.80%,8.10%,15.60%,0.202,1.08,0.255,73.30%,68,75,86,2.84,3.09,-0.25,3.68,3.92,25385
Tim Mayza,TOR,9.68,2.04,4.75,0.85,27.10%,5.70%,21.40%,0.205,0.98,0.263,70.80%,76,73,68,3.4,3.09,0.3,2.9,2.81,15042
Ryan Thompson,TBR,9.79,2.38,4.11,0.79,27.60%,6.70%,20.90%,0.211,1.03,0.277,79.30%,58,76,81,2.38,3.11,-0.73,3.47,3.19,16647
Louis Head,TBR,8.23,2.31,3.56,0.51,23.90%,6.70%,17.20%,0.172,0.86,0.216,76.20%,56,76,118,2.31,3.11,-0.8,5.04,4.03,13259
Freddy Peralta,MIL,12.16,3.49,3.48,0.87,33.60%,9.70%,24.00%,0.164,0.97,0.23,79.10%,66,73,86,2.81,3.12,-0.32,3.66,3.4,18679
Julio Urias,LAD,9.45,1.84,5.13,0.92,26.20%,5.10%,21.10%,0.216,1.02,0.272,76.20%,73,73,88,2.96,3.13,-0.17,3.73,3.64,14765
Jordan Romano,TOR,12.14,3.57,3.4,1,33.60%,9.90%,23.70%,0.181,1.05,0.252,87.40%,48,74,77,2.14,3.15,-1.01,3.28,3.02,16122
Jose Alvarez,SFG,5.85,2.64,2.21,0.28,15.80%,7.10%,8.60%,0.215,1.11,0.251,70.80%,58,78,103,2.37,3.15,-0.79,4.36,4.42,5358
Walker Buehler,LAD,9.19,2.25,4.08,0.82,26.00%,6.40%,19.60%,0.197,0.97,0.247,80.90%,61,74,84,2.47,3.16,-0.69,3.57,3.73,19374
Charlie Morton,ATL,10.47,2.81,3.72,0.78,28.60%,7.70%,20.90%,0.2,1.04,0.267,71.00%,78,75,78,3.34,3.18,0.17,3.31,3.53,4676
Anthony Bender,MIA,10.42,2.93,3.55,0.73,28.70%,8.10%,20.60%,0.204,1.06,0.276,76.60%,70,77,78,2.79,3.19,-0.4,3.31,3.18,19742
Kendall Graveman,- - -,9.8,3.21,3.05,0.48,27.50%,9.00%,18.50%,0.18,0.98,0.246,81.60%,42,76,81,1.77,3.19,-1.42,3.47,3.3,15514
Spencer Patton,TEX,10.2,3.19,3.2,0.85,27.90%,8.70%,19.20%,0.229,1.2,0.305,68.30%,89,75,87,3.83,3.19,0.63,3.72,3.47,12361
Tyler Matzek,ATL,11,5.29,2.08,0.43,29.20%,14.00%,15.20%,0.178,1.22,0.255,80.20%,60,76,94,2.57,3.2,-0.63,4.01,4.04,10058
Matt Barnes,BOS,13.83,3.29,4.2,1.32,37.80%,9.00%,28.80%,0.205,1.12,0.306,73.40%,84,76,71,3.79,3.21,0.58,3.01,2.54,12863
Daniel Hudson,- - -,13.06,2.79,4.69,1.39,35.70%,7.60%,28.10%,0.206,1.08,0.288,75.90%,80,75,76,3.31,3.21,0.1,3.24,2.65,7146
Tejay Antone,CIN,11.23,3.48,3.23,0.8,32.80%,10.20%,22.70%,0.152,0.89,0.209,86.80%,48,74,76,2.14,3.26,-1.12,3.25,3.1,16233
Brooks Raley,HOU,11.94,2.94,4.06,1.1,31.70%,7.80%,23.90%,0.231,1.2,0.322,59.70%,113,77,68,4.78,3.27,1.5,2.9,2.91,10061
Tyler Rogers,SFG,6.11,1.44,4.23,0.56,16.90%,4.00%,12.90%,0.24,1.07,0.278,81.20%,55,81,92,2.22,3.28,-1.06,3.89,3.66,15541
Clay Holmes,- - -,10.03,3.73,2.69,0.64,26.70%,9.90%,16.80%,0.205,1.17,0.273,68.40%,86,77,74,3.6,3.28,0.32,3.16,3.13,13649
Genesis Cabrera,STL,9.9,4.63,2.14,0.39,26.00%,12.20%,13.90%,0.204,1.26,0.28,69.80%,93,80,103,3.73,3.28,0.44,4.39,4.12,17490
Pablo Lopez,MIA,10.08,2.28,4.42,0.96,27.50%,6.20%,21.30%,0.231,1.12,0.301,79.70%,77,79,78,3.07,3.29,-0.22,3.32,3.49,17085
Pierce Johnson,SDP,11.81,4.14,2.85,0.92,31.60%,11.10%,20.50%,0.218,1.26,0.308,81.10%,80,79,89,3.22,3.31,-0.08,3.78,3.42,13435
Shane McClanahan,TBR,10.29,2.7,3.81,1.02,27.30%,7.20%,20.10%,0.251,1.27,0.328,78.90%,84,81,76,3.43,3.31,0.12,3.23,3.62,21483
Max Fried,ATL,8.58,2.23,3.85,0.81,23.70%,6.10%,17.50%,0.225,1.09,0.278,75.90%,71,78,81,3.04,3.31,-0.27,3.45,3.76,13743
Lance Lynn,CHW,10.09,2.58,3.91,1.03,27.50%,7.00%,20.40%,0.207,1.07,0.263,81.50%,63,76,89,2.69,3.32,-0.62,3.82,3.72,2520
John King,TEX,7.83,2.35,3.33,0.59,20.70%,6.20%,14.50%,0.232,1.15,0.284,62.50%,82,78,81,3.52,3.32,0.2,3.47,3.42,22051
Eduardo Rodriguez,BOS,10.56,2.68,3.94,1.08,27.40%,7.00%,20.40%,0.275,1.39,0.363,68.90%,105,79,80,4.74,3.32,1.42,3.43,3.65,13164
Chris Bassitt,OAK,9.1,2.23,4.08,0.86,25.00%,6.10%,18.80%,0.216,1.06,0.271,78.20%,76,80,92,3.15,3.34,-0.2,3.93,3.86,12304
Drew Steckenrider,SEA,7.71,2.26,3.41,0.67,21.70%,6.40%,15.40%,0.211,1.02,0.257,86.40%,48,80,102,2,3.35,-1.35,4.37,3.93,18806
Domingo Tapia,- - -,6.95,4.01,1.73,0.27,19.30%,11.10%,8.10%,0.208,1.19,0.258,77.70%,60,80,103,2.67,3.35,-0.67,4.43,4.62,12178
Jake McGee,SFG,8.75,1.51,5.8,1.06,24.30%,4.20%,20.10%,0.194,0.91,0.228,67.10%,67,83,95,2.72,3.35,-0.64,4.05,3.46,7550
Mark Melancon,SDP,8.21,3.48,2.36,0.56,22.30%,9.40%,12.80%,0.226,1.22,0.284,79.30%,55,80,81,2.23,3.36,-1.13,3.45,3.7,4264
Aaron Nola,PHI,11.11,1.94,5.72,1.3,29.80%,5.20%,24.60%,0.235,1.13,0.308,66.80%,109,77,79,4.63,3.37,1.26,3.37,3.26,16149
Frankie Montas,OAK,9.96,2.74,3.63,0.96,26.60%,7.30%,19.30%,0.23,1.18,0.296,74.50%,81,81,85,3.37,3.37,0,3.64,3.79,14309
Luis Cessa,- - -,7.52,2.64,2.84,0.7,20.70%,7.30%,13.40%,0.227,1.14,0.273,74.60%,58,77,90,2.51,3.39,-0.88,3.83,3.86,13345
Danny Duffy,KCR,9.59,3.25,2.95,0.89,25.80%,8.70%,17.10%,0.226,1.21,0.289,83.80%,57,81,99,2.51,3.4,-0.89,4.23,4.14,3542
Joey Lucchesi,NYM,9.63,2.58,3.73,0.94,26.10%,7.00%,19.10%,0.236,1.17,0.303,65.20%,114,82,95,4.46,3.4,1.06,4.03,3.79,19320
Dylan Cease,CHW,12.28,3.69,3.32,1.09,31.90%,9.60%,22.30%,0.22,1.25,0.309,73.90%,91,78,87,3.91,3.41,0.51,3.72,3.57,18525
Sandy Alcantara,MIA,8.8,2.19,4.02,0.92,24.00%,6.00%,18.00%,0.22,1.07,0.27,72.40%,80,83,81,3.19,3.42,-0.22,3.45,3.68,18684
Joely Rodriguez,- - -,9.13,3.5,2.61,0.78,22.70%,8.70%,14.00%,0.28,1.53,0.355,67.30%,109,80,80,4.66,3.43,1.23,3.41,3.58,11487
Michael Fulmer,DET,9.43,2.58,3.65,0.9,24.60%,6.70%,17.80%,0.254,1.28,0.323,79.60%,68,81,90,2.97,3.46,-0.49,3.87,3.6,13218
Caleb Thielbar,MIN,10.83,2.81,3.85,1.13,28.90%,7.50%,21.40%,0.226,1.17,0.297,80.80%,75,81,94,3.23,3.47,-0.23,4.02,3.33,10078
Chris Martin,ATL,6.85,1.25,5.5,0.83,18.20%,3.30%,14.90%,0.285,1.27,0.333,72.50%,92,82,94,3.95,3.47,0.48,3.98,3.75,11847
Jose Berrios,- - -,9.56,2.11,4.53,1.03,26.10%,5.80%,20.40%,0.221,1.06,0.277,72.30%,80,81,84,3.52,3.47,0.04,3.59,3.65,14168
Alex Wood,SFG,9.87,2.53,3.9,0.91,26.00%,6.70%,19.30%,0.236,1.18,0.305,72.90%,94,86,81,3.83,3.48,0.35,3.44,3.6,13781
Tony Watson,- - -,6.91,2.83,2.44,0.63,19.60%,8.00%,11.60%,0.193,1.01,0.226,61.10%,92,82,101,3.92,3.48,0.44,4.3,4.26,3132
Josh Staumont,KCR,9.87,3.7,2.67,0.82,27.30%,10.20%,17.00%,0.183,1.07,0.236,75.50%,65,83,100,2.88,3.49,-0.61,4.26,3.76,18335
Tyler Duffey,MIN,8.81,4.04,2.18,0.58,24.00%,11.00%,13.00%,0.214,1.22,0.277,73.20%,73,82,98,3.18,3.49,-0.31,4.19,4.13,13758
Marcus Stroman,NYM,7.94,2.21,3.59,0.85,21.60%,6.00%,15.60%,0.237,1.15,0.286,75.50%,77,84,84,3.02,3.49,-0.48,3.57,3.95,13431
Phil Maton,- - -,11.48,4.32,2.66,0.81,28.60%,10.80%,17.80%,0.251,1.46,0.351,70.80%,110,83,97,4.73,3.5,1.22,4.16,3.67,18064
Shohei Ohtani,LAA,10.77,3.04,3.55,1.04,29.30%,8.30%,21.00%,0.205,1.09,0.269,79.40%,73,80,83,3.18,3.52,-0.34,3.55,3.61,19755
Lance McCullers Jr.,HOU,10.26,4.21,2.43,0.72,27.00%,11.10%,15.90%,0.204,1.22,0.273,78.50%,75,83,86,3.16,3.52,-0.36,3.69,4.02,14120
Brett Martin,TEX,6.06,2.02,3,0.72,15.90%,5.30%,10.60%,0.268,1.3,0.305,67.60%,74,83,91,3.18,3.54,-0.36,3.91,3.88,17369
Taylor Clarke,ARI,8.1,2.91,2.79,0.83,20.10%,7.20%,12.90%,0.289,1.52,0.35,62.90%,117,84,106,4.98,3.54,1.45,4.5,4.21,17611
Aaron Ashby,MIL,11.08,3.41,3.25,1.14,29.30%,9.00%,20.30%,0.208,1.17,0.273,55.60%,107,84,72,4.55,3.58,0.97,3.05,3.18,23550
Chad Green,NYY,10.65,1.83,5.82,1.51,31.40%,5.40%,26.00%,0.191,0.88,0.232,77.20%,72,82,85,3.12,3.59,-0.47,3.63,2.95,15552
Sean Newcomb,ATL,11.97,7.52,1.59,0.28,28.70%,18.00%,10.70%,0.231,1.7,0.351,71.90%,110,86,109,4.73,3.6,1.13,4.62,4.72,16943
Antonio Senzatela,COL,6.03,1.84,3.28,0.69,15.70%,4.80%,10.90%,0.283,1.34,0.324,66.80%,93,81,98,4.42,3.61,0.81,4.17,4.44,15488
Anthony DeSclafani,SFG,8.16,2.25,3.62,1.02,22.50%,6.20%,16.30%,0.223,1.09,0.265,78.30%,78,89,93,3.17,3.62,-0.45,3.95,4.11,13050
Tyler Wells,BAL,10.26,1.89,5.42,1.42,29.00%,5.40%,23.70%,0.19,0.91,0.226,64.40%,93,80,96,4.11,3.63,0.48,4.11,3.37,20000
Robert Stephenson,COL,10.17,3.52,2.89,0.98,26.40%,9.10%,17.30%,0.237,1.3,0.308,76.40%,66,81,94,3.13,3.63,-0.5,4.02,3.69,13594
Luis Garcia,HOU,9.68,2.9,3.34,1.1,26.40%,7.90%,18.50%,0.229,1.18,0.289,77.80%,82,86,92,3.48,3.63,-0.16,3.93,3.91,23735
Brad Boxberger,MIL,11.55,3.48,3.32,1.11,31.20%,9.40%,21.80%,0.187,1.07,0.25,76.80%,79,85,88,3.34,3.65,-0.31,3.76,3.23,10133
Sean Manaea,OAK,9.74,2.06,4.73,1.25,25.70%,5.40%,20.30%,0.254,1.23,0.318,77.30%,94,88,85,3.91,3.66,0.26,3.62,3.68,15873
Luke Jackson,ATL,9.9,4.1,2.41,0.85,26.80%,11.10%,15.70%,0.196,1.16,0.253,90.20%,46,87,88,1.98,3.66,-1.68,3.76,3.75,11752
Kyle Muller,ATL,9.08,4.91,1.85,0.49,23.90%,12.90%,11.00%,0.195,1.25,0.255,68.60%,97,87,115,4.17,3.66,0.51,4.88,4.85,20167
Adam Wainwright,STL,7.59,2.18,3.48,0.92,21.00%,6.00%,15.00%,0.218,1.06,0.256,78.40%,76,89,91,3.05,3.66,-0.61,3.87,4.13,2233
Zach Eflin,PHI,8.43,1.36,6.19,1.28,22.40%,3.60%,18.80%,0.274,1.25,0.327,72.80%,98,84,85,4.17,3.68,0.49,3.61,3.81,13774
Chris Sale,BOS,10.97,2.53,4.33,1.27,28.40%,6.60%,21.90%,0.269,1.34,0.358,79.80%,70,87,78,3.16,3.69,-0.52,3.35,3.44,10603
Zach Thompson,MIA,7.92,3.36,2.36,0.72,21.00%,8.90%,12.10%,0.222,1.21,0.269,68.90%,81,89,110,3.24,3.69,-0.45,4.65,4.58,16094
Jordan Montgomery,NYY,9.27,2.92,3.18,1.09,24.50%,7.70%,16.80%,0.247,1.28,0.307,73.70%,89,85,92,3.83,3.69,0.14,3.93,4.07,16511
Robbie Ray,TOR,11.54,2.42,4.77,1.54,32.10%,6.70%,25.40%,0.209,1.04,0.268,90.10%,63,87,79,2.84,3.69,-0.85,3.36,3.21,11486
Joe Musgrove,SDP,10.08,2.68,3.76,1.09,27.10%,7.20%,19.90%,0.21,1.08,0.266,79.70%,79,88,86,3.18,3.7,-0.52,3.65,3.69,12970
Sam Coonrod,PHI,10.2,3.19,3.2,1.06,25.90%,8.10%,17.80%,0.246,1.32,0.316,73.10%,95,85,82,4.04,3.71,0.33,3.51,3.34,17264
Jharel Cotton,TEX,8.8,4.4,2,0.59,21.90%,10.90%,10.90%,0.233,1.4,0.295,78.20%,82,87,131,3.52,3.72,-0.2,5.64,4.69,13654
Logan Gilbert,SEA,9.65,2.11,4.57,1.28,25.40%,5.60%,19.90%,0.239,1.17,0.293,67.90%,113,89,98,4.68,3.73,0.94,4.19,3.87,22250
Diego Castillo,- - -,11.57,2.62,4.41,1.39,32.20%,7.30%,24.90%,0.19,0.98,0.244,78.90%,67,90,74,2.78,3.74,-0.96,3.15,2.82,17496
Steve Cishek,LAA,8.43,5.4,1.56,0.26,20.80%,13.30%,7.50%,0.234,1.49,0.303,72.20%,79,86,117,3.42,3.74,-0.32,5.04,4.79,6483
Trevor May,NYM,11.92,3.45,3.46,1.44,31.20%,9.00%,22.20%,0.227,1.26,0.302,76.90%,92,90,90,3.59,3.74,-0.15,3.81,3.22,6398
Craig Stammen,SDP,8.46,1.32,6.38,1.32,23.40%,3.70%,19.70%,0.233,1.04,0.272,83.30%,76,89,78,3.06,3.75,-0.69,3.31,3.14,7274
Luis Castillo,CIN,9.21,3.6,2.56,0.91,23.90%,9.30%,14.60%,0.251,1.36,0.318,71.50%,90,85,85,3.98,3.75,0.23,3.63,4.03,15689
Danny Coulombe,MIN,8.65,1.83,4.71,1.31,23.70%,5.00%,18.70%,0.265,1.22,0.319,71.40%,85,88,86,3.67,3.75,-0.08,3.66,3.5,13293
Chris Stratton,PIT,9.76,3.74,2.61,1.02,25.50%,9.80%,15.70%,0.231,1.3,0.293,76.60%,87,89,96,3.63,3.76,-0.13,4.09,3.86,13761
Jarlin Garcia,SFG,8.91,2.36,3.78,1.18,25.30%,6.70%,18.60%,0.193,0.96,0.227,75.80%,65,93,88,2.62,3.77,-1.15,3.76,3.52,18282
Zach Pop,MIA,8.4,3.95,2.13,0.49,20.70%,9.80%,11.00%,0.252,1.43,0.319,69.70%,103,91,102,4.12,3.77,0.34,4.32,4.04,20185
Anthony Misiewicz,SEA,8.73,2.47,3.53,1.15,22.50%,6.40%,16.10%,0.277,1.39,0.338,69.90%,112,90,92,4.61,3.77,0.84,3.95,3.76,18152
Seth Lugo,NYM,10.68,3.69,2.89,1.17,28.20%,9.70%,18.50%,0.234,1.29,0.307,81.70%,89,91,85,3.5,3.77,-0.28,3.61,3.54,12447
Connor Brogdon,PHI,7.8,2.81,2.78,0.94,21.30%,7.70%,13.60%,0.218,1.13,0.256,67.70%,81,87,102,3.43,3.78,-0.34,4.32,4.06,21205
Chris Paddack,SDP,8.22,1.83,4.5,1.25,21.60%,4.80%,16.80%,0.264,1.26,0.311,60.70%,126,90,91,5.07,3.78,1.29,3.87,4.05,20099
Lou Trivino,OAK,8.19,4.15,1.97,0.61,21.60%,11.00%,10.60%,0.213,1.25,0.265,71.90%,76,91,105,3.18,3.78,-0.6,4.48,4.36,15043
Nestor Cortes,NYY,9.97,2.42,4.12,1.35,27.50%,6.70%,20.90%,0.216,1.08,0.265,85.00%,67,87,98,2.9,3.78,-0.88,4.18,3.78,17874
Steven Matz,TOR,8.6,2.57,3.35,1.08,22.30%,6.60%,15.60%,0.264,1.33,0.321,75.40%,85,89,92,3.82,3.79,0.04,3.94,4.12,13361
T.J. McFarland,STL,4.89,2.09,2.33,0.7,14.60%,6.30%,8.30%,0.237,1.06,0.261,81.50%,64,92,92,2.56,3.79,-1.23,3.92,3.85,3237
Lucas Giolito,CHW,10.13,2.62,3.87,1.36,27.90%,7.20%,20.70%,0.218,1.1,0.269,77.50%,82,86,88,3.53,3.79,-0.27,3.75,3.72,15474
Bailey Falter,PHI,9.09,1.6,5.67,1.34,24.50%,4.30%,20.10%,0.26,1.19,0.315,60.00%,132,87,93,5.61,3.79,1.82,3.96,3.44,20070
Alek Manoah,TOR,10.24,3.22,3.18,0.97,27.70%,8.70%,19.00%,0.191,1.05,0.246,76.60%,72,89,97,3.22,3.8,-0.57,4.17,3.88,26410
Tyler Mahle,CIN,10.5,3.2,3.28,1.2,27.70%,8.40%,19.20%,0.231,1.23,0.297,77.60%,85,86,88,3.75,3.8,-0.05,3.74,3.82,16358
Blake Snell,SDP,11.89,4.83,2.46,1.12,30.90%,12.50%,18.40%,0.211,1.32,0.291,74.40%,104,91,88,4.2,3.82,0.37,3.74,4.02,13543
John Curtiss,- - -,8.93,2.44,3.67,1.22,23.50%,6.40%,17.10%,0.241,1.22,0.29,73.00%,84,92,93,3.45,3.82,-0.37,3.94,3.69,16128
Mitch White,LAD,9.45,3.28,2.88,1.16,24.90%,8.60%,16.20%,0.211,1.18,0.256,57.90%,90,90,90,3.66,3.83,-0.17,3.83,3.83,19225
Jake Cousins,MIL,13.2,5.7,2.32,0.9,35.20%,15.20%,20.00%,0.157,1.17,0.236,86.20%,64,90,89,2.7,3.84,-1.14,3.77,3.6,21620
Mike Mayers,LAA,10.8,3.12,3.46,1.32,28.60%,8.30%,20.30%,0.248,1.29,0.324,80.40%,88,88,89,3.84,3.84,0,3.81,3.39,15451
Corey Kluber,NYY,9.23,3.71,2.48,0.9,24.00%,9.70%,14.40%,0.244,1.34,0.31,74.40%,89,88,102,3.83,3.85,-0.02,4.38,4.37,2429
Rafael Montero,- - -,7.66,3.1,2.47,0.73,18.70%,7.60%,11.10%,0.291,1.54,0.35,54.40%,154,92,103,6.39,3.86,2.53,4.41,4.06,12760
JT Chargois,- - -,8.89,3.35,2.65,0.84,24.50%,9.30%,15.30%,0.2,1.08,0.25,84.20%,61,93,101,2.52,3.86,-1.34,4.32,3.88,13767
German Marquez,COL,8.8,3.2,2.75,1.05,23.30%,8.50%,14.80%,0.24,1.27,0.293,69.30%,92,87,86,4.4,3.86,0.54,3.64,4.07,15038
Michael King,NYY,8.81,3.41,2.58,0.85,22.50%,8.70%,13.80%,0.233,1.28,0.288,73.80%,83,89,98,3.55,3.86,-0.31,4.19,4.11,19853
Zack Littell,SFG,9.19,3.5,2.63,1.02,25.00%,9.50%,15.50%,0.204,1.14,0.25,77.20%,72,96,97,2.92,3.87,-0.95,4.11,3.85,15823
Kyle Gibson,- - -,7.66,3.16,2.42,0.84,20.60%,8.50%,12.10%,0.232,1.22,0.276,73.70%,87,90,97,3.71,3.87,-0.16,4.14,4.4,10123
Yimi Garcia,- - -,9.36,2.81,3.33,1.25,25.30%,7.60%,17.70%,0.225,1.16,0.273,61.60%,102,93,88,4.21,3.88,0.33,3.76,3.61,12095
Trevor Williams,- - -,8.9,3.07,2.9,1.09,22.20%,7.70%,14.60%,0.283,1.49,0.348,71.20%,105,92,93,4.35,3.88,0.47,3.96,4.14,16977
Chris Flexen,SEA,6.26,2,3.13,0.95,16.90%,5.40%,11.50%,0.265,1.25,0.3,76.60%,87,93,106,3.61,3.89,-0.28,4.56,4.7,13896
Austin Adams,SDP,12.99,5.98,2.17,0.17,31.50%,14.50%,17.00%,0.154,1.2,0.257,68.90%,102,93,122,4.1,3.89,0.21,5.19,3.88,13801
Noe Ramirez,- - -,7.25,3,2.42,0.75,19.70%,8.20%,11.60%,0.174,0.97,0.2,71.00%,70,92,127,3,3.89,-0.89,5.41,4.6,12800
Yu Darvish,SDP,10.77,2.38,4.52,1.52,29.20%,6.50%,22.80%,0.219,1.09,0.274,72.30%,105,93,88,4.22,3.9,0.32,3.75,3.49,13074
Brent Suter,MIL,8.47,2.95,2.88,1.1,22.00%,7.70%,14.40%,0.25,1.31,0.3,74.60%,72,92,89,3.07,3.91,-0.84,3.8,3.76,13942
Jeffrey Springs,TBR,12.69,2.82,4.5,1.81,35.20%,7.80%,27.40%,0.212,1.1,0.28,76.90%,83,96,69,3.43,3.91,-0.48,2.95,2.66,17677
Joe Smith,- - -,7.71,1.82,4.25,1.13,19.70%,4.60%,15.00%,0.29,1.39,0.341,68.60%,119,93,93,4.99,3.93,1.07,3.98,3.82,3281
Huascar Ynoa,ATL,9.89,2.47,4,1.38,26.90%,6.70%,20.20%,0.222,1.11,0.271,73.80%,94,93,80,4.05,3.93,0.13,3.4,3.62,20468
Phil Bickford,- - -,10.34,3.33,3.11,1.23,28.50%,9.20%,19.30%,0.195,1.07,0.244,83.00%,69,92,86,2.81,3.93,-1.12,3.67,3.42,18519
Paul Fry,BAL,11.41,6.65,1.71,0.57,27.90%,16.30%,11.60%,0.21,1.52,0.301,58.50%,138,86,101,6.08,3.93,2.15,4.34,4.46,15832
Dinelson Lamet,SDP,10.91,4.21,2.59,1.15,27.30%,10.50%,16.70%,0.259,1.49,0.344,75.50%,109,94,99,4.4,3.94,0.47,4.19,4,17186
Dane Dunning,TEX,8.72,3.29,2.65,0.99,22.30%,8.40%,13.90%,0.273,1.44,0.338,72.90%,105,92,90,4.51,3.94,0.57,3.87,4.12,19409
Brusdar Graterol,LAD,7.29,3.51,2.08,0.54,18.00%,8.70%,9.30%,0.258,1.41,0.311,69.10%,113,93,98,4.59,3.95,0.64,4.18,4.01,20367
Tyler Chatwood,- - -,10.69,5.91,1.81,0.56,26.20%,14.50%,11.70%,0.217,1.47,0.3,60.20%,127,94,95,5.63,3.95,1.67,4.08,4.26,4338
Derek Holland,DET,9.24,3.62,2.55,1.09,22.70%,8.90%,13.80%,0.284,1.57,0.354,70.80%,117,92,96,5.07,3.96,1.12,4.13,4,4141
Adam Ottavino,BOS,10.31,5.08,2.03,0.73,25.70%,12.70%,13.00%,0.235,1.45,0.316,73.30%,93,94,110,4.21,3.96,0.25,4.7,4.23,1247
Deolis Guerra,OAK,8.5,2.74,3.1,1.1,23.00%,7.40%,15.60%,0.216,1.11,0.257,65.30%,99,95,112,4.11,3.96,0.15,4.8,4.01,8410
Erik Swanson,SEA,8.92,2.55,3.5,1.27,24.30%,6.90%,17.40%,0.211,1.08,0.247,65.60%,80,95,110,3.31,3.96,-0.65,4.72,3.93,16587
Wade Miley,CIN,6.9,2.76,2.5,0.94,18.10%,7.20%,10.90%,0.261,1.33,0.301,79.40%,76,90,96,3.37,3.97,-0.6,4.07,4.52,8779
Juan Minaya,MIN,9.68,4.5,2.15,0.9,25.70%,12.00%,13.80%,0.186,1.18,0.235,85.30%,57,93,95,2.48,3.97,-1.5,4.08,4,10341
Codi Heuer,- - -,7.49,3.07,2.43,0.94,19.90%,8.20%,11.70%,0.254,1.31,0.301,69.80%,100,92,103,4.28,3.97,0.31,4.4,4.26,23293
Jose Ruiz,CHW,8.72,3.46,2.52,1.11,23.20%,9.20%,14.00%,0.207,1.17,0.246,77.20%,71,91,99,3.05,3.99,-0.94,4.26,4.04,14552
Aroldis Chapman,NYY,15.5,6.07,2.55,1.44,39.90%,15.60%,24.30%,0.178,1.31,0.281,83.90%,78,92,73,3.36,3.99,-0.63,3.13,3.24,10233
Sonny Gray,CIN,10.31,3.33,3.1,1.26,27.00%,8.70%,18.30%,0.222,1.22,0.28,72.40%,95,90,86,4.19,3.99,0.2,3.66,3.85,12768
Ryan Helsley,STL,8.94,5.13,1.74,0.76,22.80%,13.10%,9.70%,0.223,1.42,0.281,70.00%,114,97,105,4.56,3.99,0.57,4.46,4.58,18138
Josh Sborz,TEX,10.53,4.88,2.16,1.07,26.80%,12.50%,14.40%,0.231,1.42,0.302,74.10%,92,94,98,3.97,4,-0.03,4.19,4.06,18323
Framber Valdez,HOU,8.35,3.88,2.16,0.8,21.90%,10.10%,11.70%,0.219,1.25,0.268,78.30%,74,94,84,3.14,4.01,-0.87,3.58,3.79,17295
Hyun-Jin Ryu,TOR,7.62,1.97,3.86,1.28,20.40%,5.30%,15.10%,0.257,1.22,0.295,70.70%,97,94,92,4.37,4.02,0.35,3.94,4.17,14444
Carlos Estevez,COL,8.76,3.06,2.86,1.17,22.20%,7.80%,14.40%,0.287,1.49,0.352,74.90%,92,90,99,4.38,4.03,0.35,4.2,3.95,14542
Patrick Sandoval,LAA,9.72,3.72,2.61,1.14,25.90%,9.90%,16.00%,0.214,1.21,0.266,75.90%,83,92,89,3.62,4.03,-0.41,3.79,4.03,19447
Trevor Bauer,LAD,11.45,3.09,3.7,1.59,31.70%,8.60%,23.10%,0.181,1,0.22,88.90%,64,95,87,2.59,4.03,-1.44,3.69,3.48,12703
Eric Lauer,MIL,8.87,3.11,2.85,1.21,23.90%,8.40%,15.50%,0.211,1.14,0.249,79.40%,75,95,100,3.19,4.04,-0.85,4.26,4.24,19316
Matt Andriese,- - -,9.31,2.42,3.85,1.3,22.50%,5.90%,16.70%,0.317,1.61,0.392,65.10%,116,96,94,5.21,4.04,1.17,4.02,3.66,12022
Richard Rodriguez,- - -,5.88,1.4,4.2,1.12,16.70%,4.00%,12.70%,0.209,0.93,0.222,80.70%,70,96,126,2.94,4.04,-1.1,5.36,4.66,13549
Brady Singer,KCR,9.19,3.72,2.47,0.98,22.40%,9.00%,13.30%,0.28,1.55,0.35,67.80%,111,96,96,4.91,4.04,0.87,4.11,4.3,25377
Aaron Sanchez,SFG,6.62,3.82,1.73,0.51,16.70%,9.60%,7.10%,0.234,1.33,0.275,80.90%,75,100,118,3.06,4.05,-0.99,5.01,4.96,11490
Johnny Cueto,SFG,7.69,2.35,3.27,1.18,20.00%,6.10%,13.90%,0.279,1.37,0.327,74.30%,101,100,101,4.08,4.05,0.03,4.27,4.43,6893
Jorge Alcala,MIN,9.2,1.96,4.69,1.51,26.60%,5.70%,21.00%,0.21,0.97,0.245,67.40%,90,95,83,3.92,4.06,-0.14,3.54,3.23,19459
Trevor Cahill,PIT,7.78,3.41,2.29,0.97,19.30%,8.40%,10.80%,0.278,1.51,0.33,54.50%,158,96,97,6.57,4.06,2.51,4.13,4.41,6249
Blake Parker,CLE,7.63,2.89,2.64,1.03,20.00%,7.60%,12.40%,0.254,1.31,0.299,84.60%,71,96,109,3.09,4.06,-0.97,4.68,4.26,5224
Cal Quantrill,CLE,7.28,2.83,2.57,0.96,19.60%,7.60%,12.00%,0.23,1.18,0.267,80.00%,66,96,103,2.89,4.07,-1.18,4.43,4.52,19312
Brandon Bielak,HOU,8.28,3.78,2.19,0.9,21.10%,9.60%,11.50%,0.247,1.38,0.301,66.20%,106,96,104,4.5,4.07,0.43,4.46,4.32,19866
Jacob Webb,ATL,8.65,3.67,2.36,1.05,21.60%,9.20%,12.40%,0.275,1.51,0.337,65.40%,98,97,109,4.19,4.07,0.12,4.61,4.28,19274
Carlos Hernandez,KCR,7.77,4.31,1.8,0.74,20.70%,11.50%,9.20%,0.22,1.28,0.267,74.90%,83,97,116,3.68,4.08,-0.4,5,4.91,22713
Hector Neris,PHI,11.87,3.87,3.06,1.45,31.60%,10.30%,21.30%,0.201,1.17,0.262,76.80%,85,94,86,3.63,4.08,-0.45,3.65,3.27,11804
J.B. Wendelken,- - -,8.04,4.53,1.77,0.82,20.10%,11.30%,8.80%,0.256,1.51,0.31,69.50%,103,98,110,4.33,4.09,0.24,4.67,4.62,14506
Matthew Boyd,DET,7.67,2.63,2.91,1.03,19.90%,6.80%,13.10%,0.251,1.27,0.294,74.20%,90,96,112,3.89,4.1,-0.21,4.79,4.56,15440
Kenta Maeda,MIN,9.56,2.71,3.53,1.35,24.90%,7.10%,17.90%,0.256,1.3,0.316,69.30%,107,96,93,4.66,4.1,0.55,3.99,3.98,18498
Joel Payamps,- - -,6.79,2.5,2.71,1.07,18.50%,6.80%,11.70%,0.232,1.15,0.26,73.10%,76,97,110,3.4,4.1,-0.71,4.73,4.33,14332
Ryne Stanek,HOU,10.93,4.87,2.24,1.05,28.60%,12.80%,15.90%,0.185,1.21,0.242,72.90%,81,97,106,3.42,4.11,-0.68,4.55,3.97,15947
Merrill Kelly,ARI,7.41,2.34,3.17,1.2,19.50%,6.10%,13.30%,0.262,1.29,0.301,70.50%,104,98,100,4.44,4.11,0.34,4.24,4.43,11156
Jose Suarez,LAA,7.78,3.29,2.36,1.01,20.60%,8.70%,11.90%,0.228,1.23,0.267,73.00%,86,94,101,3.75,4.12,-0.36,4.33,4.44,19911
Ian Anderson,ATL,8.7,3.72,2.34,1.12,23.20%,9.90%,13.30%,0.218,1.23,0.261,79.10%,83,98,93,3.58,4.12,-0.54,3.96,4.38,19951
Jose Cisnero,DET,9.05,4.52,2,0.88,23.40%,11.70%,11.70%,0.222,1.33,0.278,67.00%,84,96,104,3.65,4.13,-0.48,4.44,4.3,6399
Jose Urquidy,HOU,7.57,1.6,4.74,1.43,21.30%,4.50%,16.80%,0.216,0.99,0.237,77.20%,86,97,102,3.62,4.14,-0.53,4.39,4.27,18413
Gregory Soto,DET,10.74,5.65,1.9,0.99,27.50%,14.50%,13.00%,0.196,1.35,0.257,73.80%,78,97,101,3.39,4.14,-0.75,4.32,4.27,19677
Joakim Soria,- - -,9.64,2.89,3.33,1.45,25.20%,7.50%,17.60%,0.267,1.37,0.33,71.10%,116,99,98,5.06,4.16,0.9,4.15,3.71,6941
Will Smith,ATL,11.51,3.71,3.11,1.46,30.70%,9.90%,20.80%,0.196,1.13,0.25,82.60%,80,99,96,3.44,4.17,-0.73,4.06,3.39,8048
Will Vest,SEA,6.94,4.63,1.5,0.51,17.30%,11.50%,5.80%,0.281,1.6,0.34,60.50%,149,100,117,6.17,4.17,2,5.04,4.97,19769
Hunter Strickland,- - -,8.9,3.38,2.64,1.23,24.00%,9.10%,14.90%,0.211,1.16,0.25,83.30%,61,98,110,2.61,4.19,-1.58,4.71,4.06,7836
Reynaldo Lopez,CHW,8.58,2.03,4.23,1.56,24.80%,5.90%,18.90%,0.201,0.95,0.222,68.30%,80,95,88,3.43,4.19,-0.76,3.77,3.74,16400
Trevor Richards,- - -,10.91,3.08,3.55,1.68,31.10%,8.80%,22.30%,0.175,0.96,0.201,79.60%,81,99,89,3.5,4.2,-0.7,3.8,3.28,19309
Nabil Crismatt,SDP,7.86,2.66,2.96,1.11,20.20%,6.80%,13.40%,0.273,1.36,0.324,75.20%,93,100,102,3.76,4.2,-0.44,4.32,3.94,17732
J.P. Feyereisen,- - -,8.52,5.3,1.61,0.8,22.60%,14.10%,8.50%,0.179,1.23,0.217,74.20%,66,101,121,2.73,4.21,-1.47,5.19,4.85,16610
Burch Smith,OAK,5.82,2.28,2.55,1.04,14.90%,5.90%,9.00%,0.278,1.38,0.308,63.00%,130,101,120,5.4,4.21,1.19,5.15,4.74,12784
Michael Pineda,MIN,7.24,1.73,4.19,1.4,19.20%,4.60%,14.60%,0.262,1.23,0.294,77.70%,83,98,100,3.62,4.21,-0.59,4.29,4.36,5372
Jack Flaherty,STL,9.77,2.99,3.27,1.38,26.40%,8.10%,18.30%,0.197,1.06,0.233,74.80%,80,102,93,3.22,4.22,-1,3.96,3.92,17479
Alex Vesia,LAD,12.15,4.95,2.45,1.35,33.50%,13.70%,19.90%,0.124,0.98,0.143,73.60%,55,99,109,2.25,4.22,-1.97,4.61,3.73,25007
Jon Gray,COL,9.48,3.5,2.71,1.27,24.40%,9.00%,15.40%,0.242,1.33,0.298,69.60%,96,95,95,4.59,4.22,0.37,4.04,4.17,14916
Sammy Long,SFG,8.41,3.32,2.53,1.11,21.60%,8.50%,13.10%,0.234,1.28,0.278,58.30%,136,105,116,5.53,4.23,1.31,4.93,4.4,25379
David Price,LAD,7.09,3.18,2.23,0.98,17.80%,8.00%,9.80%,0.267,1.43,0.309,75.70%,99,99,106,4.03,4.23,-0.2,4.49,4.52,3184
Alex Colome,MIN,8.03,3.18,2.52,1.11,20.00%,7.90%,12.10%,0.259,1.4,0.305,64.40%,96,99,98,4.15,4.23,-0.08,4.21,3.98,6661
Jake Brentz,KCR,10.69,5.2,2.05,0.98,27.30%,13.30%,14.00%,0.191,1.28,0.25,71.60%,83,101,100,3.66,4.23,-0.58,4.3,4.09,17783
Ryan Burr,CHW,8.1,5.15,1.57,0.74,21.90%,13.90%,7.90%,0.217,1.34,0.269,85.20%,57,96,102,2.45,4.23,-1.78,4.37,4.61,17536
Sergio Romo,OAK,8.76,3.06,2.86,1.31,23.20%,8.10%,15.10%,0.237,1.25,0.281,69.30%,112,101,107,4.67,4.24,0.43,4.57,3.98,9817
Zac Gallen,ARI,10.31,3.63,2.84,1.41,26.60%,9.40%,17.20%,0.23,1.29,0.286,74.60%,101,102,93,4.3,4.25,0.05,3.96,4.04,19291
Kyle Funkhouser,DET,8.3,5,1.66,0.79,21.10%,12.80%,8.40%,0.226,1.4,0.277,74.00%,79,100,107,3.42,4.27,-0.84,4.57,4.6,19456
Tyler Gilbert,ARI,5.63,2.93,1.92,0.9,15.90%,8.30%,7.60%,0.196,1.03,0.211,68.70%,74,102,120,3.15,4.27,-1.12,5.09,5.21,17964
Duane Underwood Jr.,PIT,8.05,3.34,2.41,1.11,20.30%,8.40%,11.90%,0.266,1.43,0.316,71.30%,104,101,102,4.33,4.27,0.06,4.34,4.2,14677
Josh Fleming,TBR,5.61,2.67,2.1,0.95,14.50%,6.90%,7.60%,0.266,1.35,0.293,65.30%,124,104,102,5.09,4.27,0.82,4.36,4.51,20418
Victor Gonzalez,LAD,8.41,4.84,1.74,0.76,21.30%,12.30%,9.00%,0.241,1.44,0.299,80.30%,88,101,98,3.57,4.27,-0.71,4.17,4.32,16408
Nick Pivetta,BOS,10.16,3.77,2.69,1.39,26.50%,9.80%,16.60%,0.232,1.3,0.288,73.20%,100,101,100,4.53,4.28,0.25,4.28,4.15,15454
Daniel Bard,COL,10.96,4.93,2.22,1.1,26.30%,11.80%,14.50%,0.264,1.6,0.353,70.40%,109,96,99,5.21,4.28,0.93,4.2,4,7115
Mike Minor,KCR,8.45,2.33,3.63,1.47,22.30%,6.10%,16.10%,0.25,1.24,0.29,66.40%,114,102,101,5.05,4.29,0.76,4.32,4.2,10021
Hansel Robles,- - -,9.91,4.83,2.05,1.04,25.60%,12.50%,13.10%,0.227,1.38,0.292,68.70%,101,101,106,4.43,4.3,0.13,4.56,4.21,11801
Mitch Keller,PIT,8.23,4.38,1.88,0.89,19.60%,10.40%,9.10%,0.316,1.79,0.388,68.20%,149,102,116,6.17,4.3,1.87,4.9,4.98,17594
Cole Irvin,OAK,6.31,2.12,2.98,1.16,16.30%,5.50%,10.80%,0.272,1.33,0.302,71.10%,102,103,112,4.24,4.3,-0.06,4.82,4.85,19244
Wandy Peralta,- - -,7.59,3.71,2.05,1.06,19.60%,9.60%,10.00%,0.249,1.37,0.291,75.10%,79,100,93,3.35,4.31,-0.95,3.99,4.06,14295
James Karinchak,CLE,12.69,5.2,2.44,1.46,33.20%,13.60%,19.60%,0.174,1.21,0.228,74.50%,94,102,88,4.07,4.31,-0.24,3.76,3.57,20151
Domingo German,NYY,8.97,2.47,3.63,1.56,23.90%,6.60%,17.30%,0.234,1.18,0.271,70.10%,106,99,100,4.58,4.31,0.27,4.27,4.03,17149
Jakob Junis,KCR,9.38,2.75,3.42,1.6,24.40%,7.10%,17.30%,0.276,1.4,0.333,68.60%,119,102,91,5.26,4.31,0.95,3.88,3.9,13619
Lucas Gilbreath,COL,9.28,4.85,1.91,1.05,23.80%,12.40%,11.40%,0.205,1.31,0.25,78.00%,71,97,108,3.38,4.32,-0.94,4.57,4.4,21290
Adrian Houser,MIL,6.64,4.05,1.64,0.76,17.50%,10.70%,6.80%,0.224,1.28,0.259,74.60%,76,102,102,3.22,4.33,-1.1,4.31,4.73,12718
James Kaprielian,OAK,9.28,3.09,3,1.43,24.50%,8.20%,16.30%,0.23,1.22,0.274,77.20%,98,104,106,4.07,4.33,-0.26,4.56,4.22,18331
Steven Okert,MIA,10,3.75,2.67,1.25,28.20%,10.60%,17.60%,0.179,1.03,0.218,85.30%,69,105,108,2.75,4.34,-1.59,4.59,3.78,13580
Kwang-hyun Kim,STL,6.75,3.29,2.05,1.01,17.70%,8.60%,9.10%,0.24,1.28,0.271,76.50%,86,105,111,3.46,4.34,-0.88,4.7,4.85,27458
Rich Hill,- - -,8.51,3.12,2.73,1.19,22.70%,8.30%,14.40%,0.232,1.21,0.277,77.30%,96,106,110,3.86,4.34,-0.49,4.7,4.43,4806
Heath Hembree,- - -,12.88,3.72,3.46,1.86,34.20%,9.90%,24.30%,0.207,1.19,0.27,59.00%,129,100,90,5.59,4.34,1.24,3.84,3.11,11632
Archie Bradley,PHI,7.06,3.88,1.82,0.88,17.90%,9.80%,8.00%,0.256,1.43,0.299,75.40%,87,100,107,3.71,4.35,-0.64,4.56,4.41,12918
Rafael Dolis,TOR,10.97,7.59,1.44,0.56,25.00%,17.30%,7.70%,0.23,1.75,0.318,67.60%,125,102,124,5.63,4.36,1.27,5.31,5.01,4185
Dennis Santana,- - -,7.57,5.27,1.44,0.66,19.40%,13.50%,5.90%,0.238,1.46,0.289,67.20%,102,102,115,4.28,4.36,-0.08,4.89,4.93,17878
Miguel Castro,NYM,9.85,5.5,1.79,0.9,25.40%,14.20%,11.20%,0.189,1.29,0.241,76.80%,88,106,105,3.45,4.36,-0.91,4.48,4.39,15684
Joe Ross,WSN,9.08,2.83,3.21,1.42,23.70%,7.40%,16.30%,0.234,1.22,0.277,71.40%,98,102,97,4.17,4.36,-0.2,4.12,4.1,12972
Bryan Abreu,HOU,9,4.5,2,1,22.40%,11.20%,11.20%,0.25,1.47,0.31,59.50%,136,103,106,5.75,4.36,1.39,4.54,4.3,16609
Tyler Anderson,- - -,7.22,2.05,3.53,1.46,19.10%,5.40%,13.70%,0.256,1.25,0.284,71.30%,109,104,108,4.53,4.37,0.16,4.6,4.57,12880
Braxton Garrett,MIA,8.47,5.29,1.6,0.79,20.10%,12.60%,7.50%,0.307,1.82,0.382,73.60%,125,106,109,5.03,4.38,0.65,4.63,5.15,21844
Sean Doolittle,- - -,9.6,4.17,2.3,1.27,23.80%,10.30%,13.50%,0.253,1.47,0.312,73.60%,104,100,124,4.53,4.38,0.15,5.28,4.52,1581
Brett Anderson,MIL,5.44,2.63,2.07,1.03,14.20%,6.80%,7.30%,0.269,1.35,0.294,68.60%,99,103,96,4.22,4.39,-0.17,4.09,4.53,8223
Tyler Alexander,DET,7.36,2.37,3.11,1.35,19.30%,6.20%,13.10%,0.253,1.26,0.285,78.70%,88,102,113,3.81,4.39,-0.58,4.86,4.47,17735
Dillon Tate,BAL,6.52,3.06,2.13,0.93,17.10%,8.00%,9.10%,0.237,1.24,0.269,69.00%,99,97,103,4.39,4.4,-0.01,4.41,4.11,17796
Jeurys Familia,NYM,10.92,4.1,2.67,1.52,27.50%,10.30%,17.20%,0.245,1.42,0.311,76.40%,101,106,82,3.94,4.4,-0.46,3.49,3.56,5114
Alex Reyes,STL,11.82,6.47,1.83,1.12,30.00%,16.40%,13.60%,0.175,1.35,0.233,77.80%,81,107,108,3.24,4.4,-1.17,4.56,4.33,15015
Miles Mikolas,STL,6.25,2.22,2.82,1.21,16.70%,5.90%,10.80%,0.249,1.21,0.272,67.20%,105,107,101,4.23,4.4,-0.17,4.27,4.55,9803
Alex Lange,DET,9.84,4.04,2.44,1.26,24.10%,9.90%,14.20%,0.259,1.49,0.323,77.60%,93,103,96,4.04,4.4,-0.37,4.11,3.95,19883
Tanner Scott,BAL,11.67,6.17,1.89,1,27.90%,14.70%,13.10%,0.231,1.57,0.318,69.00%,117,97,96,5.17,4.41,0.76,4.11,4.17,17586
Luke Weaver,ARI,8.5,2.74,3.1,1.51,22.50%,7.30%,15.30%,0.228,1.19,0.26,70.80%,99,106,100,4.25,4.42,-0.17,4.26,4.29,16918
Jordan Holloway,MIA,9,6.5,1.38,0.75,22.80%,16.50%,6.30%,0.174,1.36,0.215,67.00%,100,107,123,4,4.42,-0.42,5.2,5.26,20631
Jameson Taillon,NYY,8.73,2.74,3.18,1.5,23.20%,7.30%,15.90%,0.235,1.21,0.272,73.10%,100,102,109,4.3,4.43,-0.13,4.69,4.33,11674
Cristian Javier,HOU,11.55,4.71,2.45,1.42,30.70%,12.50%,18.20%,0.184,1.18,0.234,82.20%,84,104,101,3.55,4.43,-0.88,4.35,3.93,17606
Cesar Valdez,BAL,8.8,2.74,3.21,1.57,21.40%,6.70%,14.80%,0.318,1.65,0.38,68.40%,133,98,87,5.87,4.45,1.42,3.73,3.73,9013
Ryan Yarbrough,TBR,6.79,1.57,4.33,1.45,17.90%,4.10%,13.80%,0.264,1.23,0.291,62.80%,125,109,107,5.11,4.45,0.66,4.59,4.45,16502
Paolo Espino,WSN,7.55,2.05,3.68,1.56,20.20%,5.50%,14.70%,0.252,1.21,0.28,75.40%,100,104,105,4.27,4.46,-0.19,4.46,4.34,8246
Jake Diekman,OAK,12.31,5.04,2.44,1.48,31.70%,13.00%,18.70%,0.21,1.34,0.282,78.90%,93,107,95,3.86,4.46,-0.6,4.09,3.65,5003
Michael Wacha,TBR,8.74,2.24,3.9,1.66,22.90%,5.90%,17.00%,0.268,1.31,0.312,69.70%,123,109,91,5.05,4.47,0.58,3.91,4,14078
Ervin Santana,KCR,7.16,3.03,2.36,1.24,18.80%,7.90%,10.80%,0.257,1.33,0.292,70.70%,106,106,114,4.68,4.47,0.21,4.89,4.52,3200
Jake Odorizzi,HOU,7.82,2.92,2.68,1.38,20.60%,7.70%,12.90%,0.24,1.25,0.273,74.40%,100,105,112,4.21,4.48,-0.27,4.82,4.62,6397
Sam Hentges,CLE,8.91,4.19,2.13,1.31,21.40%,10.10%,11.30%,0.315,1.78,0.385,63.00%,154,106,106,6.68,4.48,2.2,4.54,4.53,18548
Alec Mills,CHC,6.58,2.57,2.56,1.21,16.80%,6.60%,10.30%,0.288,1.44,0.324,66.20%,119,106,102,5.07,4.49,0.58,4.33,4.5,13834
Keynan Middleton,SEA,6.97,5.52,1.26,0.58,17.10%,13.60%,3.60%,0.252,1.58,0.301,64.30%,119,107,143,4.94,4.49,0.44,6.16,5.53,15264
Jake Woodford,STL,6.65,3.33,2,0.93,17.10%,8.50%,8.50%,0.254,1.34,0.291,75.10%,99,109,119,3.99,4.5,-0.51,5.06,4.88,18674
Andrew Miller,STL,10,4,2.5,1.25,24.40%,9.80%,14.60%,0.287,1.58,0.367,78.20%,118,109,107,4.75,4.5,0.25,4.56,3.97,6785
Luis Patino,TBR,8.61,3.38,2.55,1.4,22.20%,8.70%,13.50%,0.229,1.27,0.265,72.40%,105,110,117,4.31,4.51,-0.21,5.03,4.61,22815
Kyle Finnegan,WSN,9.27,4.64,2,1.23,23.10%,11.60%,11.60%,0.248,1.48,0.304,69.80%,83,105,106,3.55,4.52,-0.97,4.48,4.3,15009
Bryan Shaw,CLE,8.26,4.42,1.87,1.16,21.30%,11.40%,9.90%,0.234,1.38,0.276,79.80%,80,107,103,3.49,4.53,-1.04,4.4,4.46,8110
Tony Gonsolin,LAD,10.51,5.5,1.91,1.29,27.20%,14.20%,13.00%,0.2,1.35,0.25,86.20%,79,107,109,3.23,4.54,-1.3,4.63,4.65,19388
Mychal Givens,- - -,9.53,4.76,2,1.24,25.00%,12.50%,12.50%,0.23,1.37,0.286,80.40%,73,102,105,3.35,4.54,-1.19,4.45,4.29,10430
Bailey Ober,MIN,9.36,1.85,5.05,1.95,25.30%,5.00%,20.30%,0.256,1.2,0.296,79.80%,97,106,94,4.19,4.56,-0.36,4.01,3.82,21224
Taijuan Walker,NYM,8.26,3.11,2.65,1.47,22.30%,8.40%,13.90%,0.224,1.18,0.253,69.40%,114,111,105,4.47,4.57,-0.1,4.47,4.42,11836
Brad Hand,- - -,8.49,3.62,2.35,1.25,21.90%,9.40%,12.60%,0.228,1.27,0.267,65.00%,91,107,112,3.9,4.58,-0.68,4.76,4.23,9111
Jake Faria,ARI,8.82,3.58,2.46,1.38,20.80%,8.40%,12.30%,0.281,1.59,0.333,70.20%,129,110,117,5.51,4.58,0.93,4.96,4.42,13699
Edgar Santana,ATL,6.96,2.53,2.75,1.48,18.90%,6.90%,12.00%,0.227,1.15,0.244,74.00%,84,109,95,3.59,4.6,-1.01,4.04,4.06,17355
Kyle McGowin,WSN,10.5,4.2,2.5,1.5,27.30%,10.90%,16.40%,0.188,1.17,0.222,76.70%,98,107,106,4.2,4.6,-0.4,4.5,3.87,15071
Matt Harvey,BAL,6.7,2.61,2.57,1.34,16.30%,6.40%,10.00%,0.296,1.54,0.331,60.40%,142,101,112,6.27,4.6,1.67,4.81,4.85,11713
Dillon Maples,CHC,11.49,7.18,1.6,0.57,28.80%,18.00%,10.80%,0.142,1.28,0.203,84.10%,61,109,113,2.59,4.61,-2.02,4.79,4.65,14672
Austin Gomber,COL,8.82,3.2,2.76,1.56,23.20%,8.40%,14.80%,0.23,1.24,0.264,69.50%,95,103,98,4.53,4.61,-0.08,4.18,4.29,16561
Yusei Kikuchi,SEA,9.34,3.55,2.63,1.55,24.50%,9.30%,15.20%,0.242,1.32,0.289,74.60%,107,110,90,4.41,4.61,-0.2,3.85,4.16,20633
Sam Clay,WSN,6.8,4.4,1.55,0.8,15.90%,10.30%,5.60%,0.294,1.71,0.342,65.40%,131,107,110,5.6,4.61,0.99,4.67,4.42,16279
John Means,BAL,8.22,1.6,5.15,1.84,22.70%,4.40%,18.30%,0.223,1.03,0.24,80.50%,82,101,102,3.62,4.62,-1,4.36,4.1,16269
Matt Manning,DET,6.01,3.48,1.73,1.05,14.80%,8.60%,6.20%,0.275,1.51,0.305,61.90%,134,108,119,5.8,4.62,1.18,5.13,5.27,20369
Blake Taylor,HOU,8.65,4.64,1.86,1.27,21.80%,11.70%,10.10%,0.229,1.41,0.269,79.50%,75,109,118,3.16,4.62,-1.46,5.07,4.58,16418
Tony Santillan,CIN,11.63,4.36,2.67,1.45,29.50%,11.10%,18.40%,0.21,1.27,0.273,90.00%,66,105,102,2.91,4.62,-1.72,4.32,3.77,19926
Andres Machado,WSN,7.57,3.79,2,1.01,19.50%,9.70%,9.70%,0.224,1.26,0.26,74.30%,83,108,118,3.53,4.63,-1.1,5,4.51,14681
Kyle Freeland,COL,7.83,2.83,2.76,1.49,20.40%,7.40%,13.00%,0.281,1.42,0.325,78.90%,91,104,100,4.33,4.63,-0.3,4.26,4.44,16256
Jhoulys Chacin,COL,6.58,3.92,1.68,1.12,17.50%,10.40%,7.10%,0.22,1.26,0.242,70.20%,91,104,110,4.34,4.63,-0.29,4.69,4.8,2608
Madison Bumgarner,ARI,7.63,2.4,3.18,1.48,20.20%,6.40%,13.90%,0.238,1.18,0.265,67.80%,109,111,114,4.67,4.63,0.04,4.85,4.57,5524
Max Kranick,PIT,7.45,4.42,1.68,0.93,17.60%,10.40%,7.10%,0.296,1.71,0.35,65.20%,151,110,136,6.28,4.64,1.64,5.76,5.36,22175
Tyler Kinley,COL,8.7,3.33,2.62,1.54,23.10%,8.80%,14.20%,0.221,1.21,0.251,71.20%,99,104,107,4.73,4.65,0.09,4.54,4.05,18297
Adbert Alzolay,CHC,9.17,2.44,3.76,1.79,24.70%,6.60%,18.10%,0.233,1.16,0.266,73.30%,108,110,86,4.58,4.65,-0.07,3.66,3.81,17859
Jose Quintana,- - -,12.14,5,2.43,1.71,28.60%,11.80%,16.80%,0.284,1.73,0.378,64.40%,149,108,88,6.43,4.66,1.77,3.75,3.94,11423
Erick Fedde,WSN,8.64,3.24,2.67,1.55,21.70%,8.10%,13.60%,0.268,1.44,0.313,64.70%,128,109,96,5.47,4.66,0.8,4.06,4.3,17425
Phillips Valdez,BOS,7.88,4.28,1.84,0.9,19.80%,10.70%,9.00%,0.232,1.35,0.277,57.80%,129,110,108,5.85,4.67,1.18,4.65,4.29,15605
Josh Tomlin,ATL,6.75,0.91,7.4,1.82,17.00%,2.30%,14.70%,0.325,1.5,0.358,63.90%,153,111,111,6.57,4.67,1.9,4.72,4.21,9388
Tylor Megill,NYM,9.94,2.71,3.67,1.91,26.10%,7.10%,19.00%,0.251,1.28,0.297,78.50%,115,113,92,4.52,4.69,-0.17,3.92,3.85,21318
Drew Smith,NYM,8.93,3.48,2.56,1.52,24.80%,9.70%,15.20%,0.19,1.06,0.212,91.20%,61,114,107,2.4,4.69,-2.3,4.54,4.02,17755
Triston McKenzie,CLE,10.2,4.35,2.34,1.58,27.50%,11.70%,15.80%,0.194,1.18,0.227,68.30%,114,111,106,4.95,4.7,0.25,4.53,4.36,18000
Tim Hill,SDP,8.45,3.47,2.43,1.36,22.00%,9.00%,12.90%,0.226,1.24,0.261,68.20%,90,113,96,3.62,4.71,-1.09,4.08,3.8,16814
Casey Mize,DET,7.06,2.45,2.88,1.44,19.30%,6.70%,12.60%,0.232,1.14,0.254,79.50%,85,110,102,3.71,4.71,-1,4.37,4.45,20492
Zack Greinke,HOU,6.32,1.89,3.33,1.58,17.20%,5.20%,12.10%,0.249,1.17,0.263,75.00%,98,111,98,4.16,4.71,-0.56,4.21,4.54,1943
Brad Keller,KCR,8.08,4.31,1.88,1.21,19.60%,10.40%,9.10%,0.292,1.66,0.347,68.70%,122,112,106,5.39,4.72,0.67,4.57,4.84,15734
Spencer Howard,- - -,9.42,4.89,1.93,1.27,22.70%,11.80%,10.90%,0.266,1.61,0.329,51.90%,174,109,117,7.43,4.72,2.71,4.98,4.8,23252
Garrett Richards,BOS,7.57,3.95,1.92,1.25,18.60%,9.70%,8.90%,0.286,1.6,0.333,69.80%,108,111,110,4.87,4.72,0.15,4.71,4.83,9784
Yusmeiro Petit,OAK,4.27,1.38,3.08,1.38,11.80%,3.80%,8.00%,0.23,1.04,0.227,72.10%,94,113,123,3.92,4.72,-0.8,5.28,4.99,4020
Zach Plesac,CLE,6.31,2.14,2.94,1.45,16.70%,5.70%,11.00%,0.246,1.2,0.263,67.90%,107,111,111,4.67,4.73,-0.06,4.77,4.73,19979
Chasen Shreve,PIT,7.19,4.47,1.61,1.12,19.10%,11.90%,7.20%,0.209,1.26,0.234,83.60%,77,112,122,3.2,4.73,-1.54,5.15,4.93,10855
Justin Dunn,SEA,8.76,5.19,1.69,1.07,22.50%,13.30%,9.20%,0.2,1.31,0.238,79.50%,91,113,131,3.75,4.74,-0.98,5.61,5.18,19268
Junior Guerra,LAA,8.4,6.34,1.33,0.83,19.90%,15.00%,4.90%,0.26,1.73,0.319,66.00%,139,108,123,6.06,4.75,1.31,5.28,5.18,5702
Ian Kennedy,- - -,9.91,2.72,3.65,1.92,27.20%,7.50%,19.70%,0.215,1.1,0.244,91.10%,75,110,105,3.2,4.75,-1.55,4.45,3.71,6986
Carlos Martinez,STL,6.23,3.94,1.58,0.87,15.70%,9.90%,5.80%,0.244,1.37,0.275,58.50%,155,116,120,6.23,4.76,1.47,5.08,5.18,11682
David Peterson,NYM,9.32,3.92,2.38,1.49,24.00%,10.10%,13.90%,0.253,1.4,0.306,65.40%,141,116,92,5.54,4.78,0.76,3.93,4.27,20302
John Gant,- - -,7.53,5.81,1.3,0.82,18.70%,14.50%,4.30%,0.229,1.51,0.272,73.40%,99,115,119,4.09,4.78,-0.69,5.07,5.49,13684
Darwinzon Hernandez,BOS,12.15,6.98,1.74,1.13,29.70%,17.00%,12.60%,0.199,1.5,0.276,82.80%,74,113,103,3.38,4.8,-1.42,4.41,4.43,19848
Jose Alvarado,PHI,10.99,7.6,1.45,0.81,27.10%,18.70%,8.40%,0.213,1.6,0.298,74.20%,99,110,107,4.2,4.8,-0.6,4.52,4.84,17780
Miguel Diaz,SDP,9.86,4.07,2.42,1.71,26.70%,11.00%,15.70%,0.203,1.19,0.232,79.90%,90,115,91,3.64,4.81,-1.17,3.85,3.91,18815
Daniel Lynch,KCR,7.28,4.1,1.77,1.19,17.70%,10.00%,7.70%,0.29,1.63,0.335,67.40%,129,114,122,5.69,4.82,0.87,5.22,5.19,21537
Kyle Zimmer,KCR,7.67,5,1.53,1.17,20.60%,13.50%,7.20%,0.238,1.41,0.279,66.50%,109,114,113,4.83,4.82,0.02,4.86,4.85,14169
Taylor Hearn,TEX,7.94,3.62,2.19,1.47,20.90%,9.50%,11.30%,0.242,1.32,0.275,70.80%,109,113,112,4.66,4.82,-0.16,4.8,4.58,18325
Martin Perez,BOS,7.66,2.84,2.69,1.5,19.10%,7.10%,12.00%,0.293,1.51,0.336,71.20%,105,114,105,4.74,4.82,-0.08,4.48,4.52,6902
Greg Holland,KCR,8.57,4.2,2.04,1.46,21.80%,10.70%,11.10%,0.227,1.35,0.26,69.40%,110,114,109,4.85,4.82,0.03,4.65,4.4,7196
Aaron Civale,CLE,7.17,2.24,3.19,1.66,19.90%,6.20%,13.70%,0.233,1.12,0.249,78.50%,88,114,101,3.84,4.83,-0.99,4.32,4.41,19479
Nick Wittgren,CLE,8.81,2.45,3.59,1.88,23.60%,6.60%,17.10%,0.255,1.25,0.291,68.00%,116,114,85,5.05,4.84,0.21,3.63,3.57,15594
Andrew Heaney,- - -,10.41,2.85,3.66,2.01,26.90%,7.30%,19.50%,0.254,1.32,0.304,67.40%,134,111,96,5.83,4.85,0.98,4.12,3.84,15423
Ben Bowden,COL,10.6,5.3,2,1.51,23.70%,11.90%,11.90%,0.284,1.82,0.355,62.50%,138,109,126,6.56,4.85,1.71,5.34,4.56,20198
Sam Howard,PIT,12,6.4,1.88,1.4,30.20%,16.10%,14.10%,0.207,1.47,0.278,67.60%,135,115,106,5.6,4.86,0.74,4.48,4.26,16265
Rex Brothers,CHC,12.74,5.94,2.14,1.53,31.80%,14.80%,16.90%,0.21,1.43,0.288,73.50%,124,115,104,5.26,4.87,0.4,4.42,3.9,9794
Daniel Norris,- - -,9.16,4.74,1.93,1.42,23.40%,12.10%,11.30%,0.255,1.49,0.309,61.80%,143,114,100,6.16,4.87,1.29,4.27,4.32,13475
Riley Smith,ARI,4.81,2,2.4,1.34,12.00%,5.00%,7.00%,0.305,1.5,0.322,64.80%,141,117,123,6.01,4.88,1.14,5.23,5.03,19826
Jaime Barria,LAA,5.56,3.02,1.84,1.27,14.00%,7.60%,6.40%,0.306,1.57,0.333,77.70%,106,111,117,4.61,4.88,-0.28,5.04,5.21,18356
Ralph Garza,- - -,8.6,4.15,2.07,1.48,22.80%,11.00%,11.80%,0.214,1.25,0.244,75.00%,83,114,110,3.56,4.88,-1.32,4.72,4.36,17682
Ross Detwiler,- - -,10.66,3.44,3.1,1.72,27.10%,8.70%,18.30%,0.219,1.22,0.264,75.90%,116,118,102,4.64,4.89,-0.25,4.33,3.63,2859
Amir Garrett,CIN,11.52,5.48,2.1,1.7,28.40%,13.50%,14.90%,0.247,1.57,0.319,65.70%,137,111,95,6.04,4.89,1.15,4.03,3.99,14375
Kyle Hendricks,CHC,6.51,2.19,2.98,1.54,16.70%,5.60%,11.10%,0.275,1.35,0.299,73.00%,113,115,109,4.77,4.89,-0.12,4.61,4.7,12049
Austin Voth,WSN,9.26,4.4,2.11,1.57,23.80%,11.30%,12.50%,0.26,1.48,0.313,70.80%,125,114,105,5.34,4.9,0.44,4.44,4.28,15047
Anthony Banda,- - -,8.55,3.48,2.46,1.6,20.90%,8.50%,12.40%,0.283,1.54,0.33,78.90%,105,117,117,4.28,4.92,-0.65,4.96,4.27,14706
Anthony Bass,MIA,8.51,3.52,2.42,1.61,22.30%,9.20%,13.10%,0.236,1.29,0.268,73.60%,95,120,102,3.82,4.93,-1.12,4.33,4.12,7982
Wily Peralta,DET,5.57,3.65,1.53,1.15,14.40%,9.50%,5.00%,0.242,1.33,0.259,78.40%,71,115,116,3.07,4.94,-1.87,4.99,5.27,7738
Cody Ponce,PIT,8.45,2.58,3.27,1.88,20.10%,6.10%,14.00%,0.335,1.75,0.39,59.90%,170,117,100,7.04,4.94,2.1,4.26,4.06,17920
Ryne Harper,WSN,7.82,3.53,2.21,1.51,20.90%,9.50%,11.50%,0.212,1.18,0.232,78.70%,95,116,110,4.04,4.96,-0.93,4.66,4.35,12680
Matt Peacock,ARI,5.21,2.92,1.79,1.36,13.00%,7.30%,5.70%,0.3,1.56,0.32,68.80%,115,119,105,4.9,4.98,-0.08,4.45,4.49,20339
Hirokazu Sawamura,BOS,10.36,5.43,1.91,1.53,26.20%,13.70%,12.40%,0.226,1.45,0.279,82.80%,67,118,102,3.06,5,-1.94,4.39,4.25,27515
Humberto Castellanos,ARI,5.72,2.96,1.93,1.38,14.80%,7.70%,7.10%,0.268,1.38,0.287,70.70%,115,120,123,4.93,5.01,-0.08,5.22,5.17,21183
Jose Urena,DET,5.99,3.75,1.6,1.25,14.70%,9.20%,5.50%,0.29,1.6,0.319,65.30%,134,117,114,5.81,5.02,0.79,4.87,5.06,11589
Brad Brach,CIN,9.9,5.4,1.83,1.5,23.70%,12.90%,10.80%,0.25,1.6,0.305,54.80%,143,114,119,6.3,5.04,1.26,5.05,4.5,6627
Ashton Goudeau,- - -,5.77,4.46,1.29,1.05,15.60%,12.10%,3.50%,0.197,1.19,0.208,72.20%,90,114,121,4.19,5.06,-0.87,5.14,5.2,15139
Charlie Barnes,MIN,4.74,3.79,1.25,0.95,11.40%,9.10%,2.30%,0.297,1.63,0.321,64.60%,136,118,147,5.92,5.06,0.86,6.3,5.93,19865
Brett de Geus,- - -,7.38,4.5,1.64,1.08,17.20%,10.50%,6.70%,0.302,1.74,0.354,55.40%,176,120,115,7.56,5.07,2.49,4.89,4.6,23592
Tarik Skubal,DET,9.88,2.83,3.49,2.11,25.90%,7.40%,18.50%,0.243,1.26,0.277,81.40%,100,118,95,4.34,5.09,-0.75,4.06,3.92,22267
Keegan Akin,BAL,7.77,3.79,2.05,1.61,19.20%,9.40%,9.80%,0.286,1.58,0.325,64.00%,150,112,121,6.63,5.1,1.54,5.18,4.92,19362
Caleb Smith,ARI,9.82,4.99,1.97,1.58,24.80%,12.60%,12.20%,0.216,1.37,0.254,73.10%,113,122,124,4.83,5.1,-0.27,5.26,4.68,14875
Alex Claudio,LAA,8.27,4.13,2,1.65,20.30%,10.10%,10.10%,0.278,1.59,0.32,68.80%,127,116,92,5.51,5.1,0.41,3.95,4.17,12890
Drew Smyly,ATL,8.31,2.91,2.85,1.92,21.40%,7.50%,13.90%,0.264,1.37,0.295,77.40%,104,122,103,4.48,5.11,-0.64,4.39,4.41,11760
J.A. Happ,- - -,7.21,2.84,2.54,1.77,18.20%,7.20%,11.00%,0.285,1.48,0.314,68.80%,136,121,120,5.79,5.13,0.66,5.11,4.89,7410
Kris Bubic,KCR,7.89,4.08,1.93,1.52,20.50%,10.60%,9.90%,0.247,1.38,0.28,76.80%,100,122,107,4.43,5.14,-0.71,4.57,4.73,21455
Eli Morgan,CLE,8.16,2.22,3.68,2.01,21.40%,5.80%,15.60%,0.255,1.25,0.278,70.50%,123,121,115,5.34,5.14,0.2,4.92,4.51,20203
JT Brubaker,PIT,9.34,2.75,3.39,2.03,24.00%,7.10%,16.90%,0.251,1.29,0.284,72.60%,129,122,94,5.36,5.16,0.2,4,4.04,17578
Keegan Thompson,CHC,9.28,5.23,1.77,1.52,22.60%,12.80%,9.90%,0.229,1.48,0.267,86.30%,80,122,111,3.38,5.16,-1.78,4.72,4.68,19795
Jeff Hoffman,CIN,9.74,5.55,1.76,1.48,23.60%,13.40%,10.10%,0.246,1.58,0.299,76.60%,103,118,117,4.56,5.2,-0.64,4.97,4.82,17432
Jorge Lopez,BAL,8.28,4.14,2,1.55,20.20%,10.10%,10.10%,0.29,1.63,0.34,70.00%,137,114,105,6.07,5.2,0.87,4.48,4.65,14527
Ross Stripling,TOR,8.35,2.66,3.13,2.04,21.80%,7.00%,14.80%,0.248,1.27,0.27,76.90%,107,122,107,4.8,5.21,-0.42,4.6,4.35,13273
Carlos Carrasco,NYM,8.39,3.02,2.78,2.01,21.10%,7.60%,13.50%,0.269,1.43,0.299,63.10%,154,126,102,6.04,5.22,0.82,4.32,4.44,6632
Joe Jimenez,DET,11.32,6.95,1.63,1.19,27.10%,16.70%,10.50%,0.204,1.52,0.269,64.10%,137,122,134,5.96,5.22,0.73,5.76,4.74,15761
Vladimir Gutierrez,CIN,6.95,3.63,1.91,1.58,17.70%,9.30%,8.50%,0.258,1.41,0.281,75.90%,107,119,120,4.74,5.22,-0.49,5.11,5.08,19278
Emilio Pagan,SDP,9.81,2.56,3.83,2.27,26.20%,6.80%,19.40%,0.23,1.17,0.253,76.50%,120,125,115,4.83,5.22,-0.39,4.89,3.93,14771
Dallas Keuchel,CHW,5.28,3.28,1.61,1.39,13.20%,8.20%,5.00%,0.289,1.53,0.307,68.20%,123,119,111,5.28,5.23,0.05,4.74,5.01,9434
Justin Wilson,- - -,7.68,4.24,1.81,1.59,19.50%,10.70%,8.70%,0.242,1.41,0.268,66.50%,122,120,120,5.29,5.26,0.04,5.14,4.69,4301
Enyel De Los Santos,- - -,12.23,4.58,2.67,2.04,27.70%,10.40%,17.30%,0.285,1.73,0.368,61.30%,150,122,100,6.37,5.26,1.1,4.27,3.71,18403
Johan Oviedo,STL,7.36,5.34,1.38,1.16,17.70%,12.80%,4.90%,0.249,1.57,0.285,70.00%,122,128,123,4.91,5.27,-0.36,5.22,5.39,22487
Matt Foster,CHW,9.23,3,3.08,2.08,23.00%,7.50%,15.50%,0.27,1.44,0.309,68.30%,140,120,115,6,5.27,0.73,4.94,4.1,19647
Marco Gonzales,SEA,6.78,2.64,2.57,1.82,18.50%,7.20%,11.30%,0.232,1.17,0.239,82.20%,96,126,120,3.96,5.28,-1.32,5.16,4.94,15467
Wade Davis,KCR,8.02,4.01,2,1.69,20.00%,10.00%,10.00%,0.26,1.48,0.293,59.50%,153,126,122,6.75,5.3,1.45,5.22,4.62,7441
Chad Kuhl,PIT,8.4,4.71,1.79,1.46,21.50%,12.00%,9.50%,0.245,1.43,0.286,69.90%,116,126,115,4.82,5.31,-0.49,4.9,4.89,14975
Jordan Lyles,TEX,7.3,2.8,2.61,1.9,19.00%,7.30%,11.70%,0.275,1.39,0.299,75.10%,120,125,110,5.15,5.34,-0.19,4.73,4.7,7593
Kolby Allard,TEX,7.51,2.24,3.35,2.09,19.50%,5.80%,13.70%,0.257,1.28,0.27,67.80%,126,125,108,5.41,5.37,0.05,4.64,4.41,18694
Chi Chi Gonzalez,COL,4.96,2.48,2,1.59,12.50%,6.30%,6.30%,0.307,1.52,0.321,64.10%,136,121,120,6.46,5.37,1.09,5.08,5.29,14663
Elieser Hernandez,MIA,9.23,2.44,3.79,2.26,23.60%,6.20%,17.30%,0.26,1.32,0.289,85.20%,104,131,102,4.18,5.38,-1.2,4.33,4.07,16933
Bruce Zimmermann,BAL,7.83,3.08,2.55,1.96,19.60%,7.70%,11.90%,0.287,1.51,0.319,78.10%,114,118,104,5.04,5.38,-0.34,4.44,4.59,20370
Wade LeBlanc,- - -,5.33,3.12,1.71,1.47,13.10%,7.70%,5.40%,0.28,1.49,0.294,80.50%,107,130,135,4.41,5.39,-0.99,5.72,5.47,5221
Patrick Corbin,WSN,7.5,3.15,2.38,1.94,19.00%,8.00%,11.10%,0.279,1.47,0.305,69.40%,136,126,101,5.82,5.41,0.41,4.29,4.61,9323
Jon Lester,- - -,5.79,3.5,1.65,1.59,14.50%,8.80%,5.70%,0.279,1.51,0.296,73.10%,113,129,120,4.71,5.41,-0.7,5.09,5.34,4930
Anthony Kay,TOR,10.43,4.81,2.17,1.87,25.00%,11.50%,13.50%,0.281,1.66,0.348,75.20%,125,127,95,5.61,5.43,0.19,4.09,4.25,20387
Ryan Weathers,SDP,6.85,2.85,2.4,1.9,18.00%,7.50%,10.50%,0.274,1.38,0.293,72.60%,132,130,111,5.32,5.44,-0.12,4.71,4.7,23796
Zach Davies,CHC,6.93,4.56,1.52,1.52,17.10%,11.20%,5.80%,0.276,1.6,0.305,69.10%,136,129,119,5.78,5.45,0.33,5.03,5.36,13183
Trent Thornton,TOR,9.55,2.94,3.25,2.2,24.10%,7.40%,16.70%,0.276,1.43,0.318,71.70%,106,128,98,4.78,5.46,-0.68,4.18,3.77,17948
Paul Blackburn,OAK,6.1,2.35,2.6,1.88,14.90%,5.70%,9.10%,0.319,1.62,0.341,72.00%,141,131,106,5.87,5.47,0.4,4.55,4.71,14739
Jesus Luzardo,- - -,9.25,4.53,2.04,1.89,22.40%,11.00%,11.40%,0.275,1.62,0.322,65.40%,162,132,114,6.61,5.48,1.13,4.84,4.72,19959
Griffin Canning,LAA,8.9,4.02,2.21,2.01,22.40%,10.10%,12.30%,0.262,1.48,0.297,71.20%,129,125,110,5.6,5.48,0.12,4.72,4.66,19867
Trevor Stephan,CLE,10.66,4.41,2.42,2.13,26.60%,11.00%,15.60%,0.234,1.41,0.272,84.50%,101,129,106,4.41,5.49,-1.09,4.56,3.96,19932
Bryse Wilson,- - -,5.59,2.68,2.09,1.82,14.30%,6.80%,7.50%,0.284,1.45,0.294,72.40%,127,131,120,5.35,5.49,-0.14,5.1,5.27,19990
Dylan Bundy,LAA,8.34,3.38,2.47,1.99,21.20%,8.60%,12.60%,0.249,1.36,0.273,64.40%,139,126,109,6.06,5.51,0.55,4.66,4.56,12917
Justin Steele,CHC,9.32,4.26,2.19,1.89,23.80%,10.90%,12.90%,0.231,1.35,0.262,81.30%,101,130,99,4.26,5.52,-1.26,4.21,4.34,17312
Taylor Widener,ARI,9.34,4.73,1.97,1.79,22.90%,11.60%,11.30%,0.236,1.45,0.271,79.40%,102,133,125,4.35,5.56,-1.21,5.28,4.81,19266
Cody Poteet,MIA,9.39,4.7,2,2.05,24.20%,12.10%,12.10%,0.216,1.34,0.234,76.90%,124,137,117,4.99,5.62,-0.63,4.95,4.78,18769
Aaron Slegers,LAA,7.26,4.35,1.67,1.74,16.80%,10.10%,6.70%,0.323,1.87,0.363,69.20%,160,128,107,6.97,5.62,1.35,4.59,4.44,15231
Tanner Rainey,WSN,11.94,7.11,1.68,1.71,27.80%,16.60%,11.30%,0.236,1.71,0.307,61.70%,173,131,139,7.39,5.63,1.76,5.9,4.78,17610
Justus Sheffield,SEA,7.06,4.82,1.47,1.57,16.40%,11.20%,5.20%,0.312,1.84,0.35,63.00%,165,135,123,6.83,5.66,1.17,5.26,5.35,17285
Marcos Diplan,BAL,7.2,4.5,1.6,1.8,19.50%,12.20%,7.30%,0.204,1.23,0.205,73.40%,102,124,125,4.5,5.67,-1.17,5.36,4.93,17583
Wil Crowe,PIT,8.56,4.4,1.95,1.93,21.20%,10.90%,10.30%,0.273,1.57,0.311,74.00%,132,134,115,5.48,5.67,-0.2,4.9,4.86,19800
Randy Dobnak,MIN,4.8,2.13,2.25,1.95,11.80%,5.30%,6.60%,0.307,1.54,0.311,55.00%,176,132,100,7.64,5.7,1.94,4.3,4.53,23798
Adrian Sampson,CHC,7.13,2.04,3.5,2.04,19.30%,5.50%,13.80%,0.229,1.08,0.232,88.40%,66,135,110,2.8,5.72,-2.92,4.67,4.29,13339
Yency Almonte,COL,8.87,5.48,1.62,1.7,21.70%,13.40%,8.30%,0.255,1.59,0.297,56.40%,158,129,120,7.55,5.73,1.82,5.09,4.78,15068
Dan Winkler,CHC,9.08,6.81,1.33,1.13,21.10%,15.80%,5.30%,0.212,1.56,0.255,73.40%,123,136,138,5.22,5.74,-0.52,5.84,5.21,12237
Shawn Armstrong,- - -,11,3.75,2.93,2.5,26.70%,9.10%,17.60%,0.264,1.5,0.309,66.70%,156,132,105,6.75,5.75,1,4.49,3.75,12857
Matt Moore,PHI,7.77,4.68,1.66,1.85,18.90%,11.40%,7.50%,0.265,1.59,0.292,66.00%,148,133,124,6.29,5.76,0.53,5.26,5.16,1890
Touki Toussaint,ATL,8.64,3.96,2.18,1.98,22.20%,10.20%,12.00%,0.229,1.3,0.248,77.30%,105,138,108,4.5,5.79,-1.29,4.59,4.58,16929
Wander Suero,WSN,9.28,3.16,2.93,2.32,23.20%,7.90%,15.30%,0.263,1.41,0.293,59.70%,148,135,113,6.33,5.8,0.53,4.8,4,15855
Nick Neidert,MIA,5.3,5.8,0.91,1.01,13.40%,14.60%,-1.30%,0.24,1.51,0.26,76.80%,113,141,159,4.54,5.81,-1.26,6.72,6.47,18699
Josh Rogers,WSN,5.55,3.53,1.57,1.77,14.60%,9.30%,5.30%,0.237,1.29,0.236,91.60%,77,136,142,3.28,5.83,-2.55,6,5.78,18510
Ryan Hendrix,CIN,9.95,4.55,2.19,2.27,24.60%,11.30%,13.40%,0.264,1.55,0.305,69.60%,135,133,101,5.97,5.85,0.11,4.3,4.15,19535
Chase Anderson,PHI,6.56,3.75,1.75,1.88,16.30%,9.30%,7.00%,0.266,1.48,0.279,63.30%,159,135,133,6.75,5.86,0.89,5.65,5.28,6895
Vince Velasquez,- - -,9.64,4.67,2.06,2.19,24.20%,11.80%,12.50%,0.25,1.48,0.283,68.00%,150,136,117,6.3,5.88,0.41,4.98,4.72,11189
Albert Abreu,NYY,8.59,4.66,1.84,1.96,22.40%,12.20%,10.30%,0.201,1.25,0.209,74.10%,120,135,112,5.15,5.9,-0.74,4.79,4.5,17485
Josiah Gray,- - -,9.68,4.2,2.3,2.42,24.80%,10.70%,14.00%,0.232,1.36,0.249,75.60%,129,140,119,5.48,6,-0.52,5.05,4.6,24580
Mike Foltynewicz,TEX,6.28,2.33,2.69,2.27,16.60%,6.10%,10.40%,0.257,1.26,0.254,72.60%,127,141,118,5.44,6.02,-0.58,5.06,4.9,10811
Chase De Jong,PIT,8.04,3.92,2.05,2.27,19.90%,9.70%,10.20%,0.278,1.56,0.302,76.50%,139,143,127,5.77,6.03,-0.26,5.38,5.06,15036
Logan Allen,CLE,6.62,3.04,2.18,2.15,16.70%,7.70%,9.00%,0.289,1.49,0.303,64.30%,144,142,113,6.26,6.05,0.21,4.84,4.86,18555
Daniel Ponce de Leon,STL,6.48,5.94,1.09,1.35,15.20%,13.90%,1.30%,0.244,1.62,0.265,67.30%,155,149,162,6.21,6.11,0.1,6.86,5.89,16110
JC Mejia,CLE,8.08,4.13,1.96,2.24,19.70%,10.10%,9.70%,0.284,1.61,0.311,56.70%,190,145,110,8.25,6.15,2.1,4.71,4.75,20617
Jake Arrieta,- - -,7.57,4.01,1.89,2.19,17.70%,9.40%,8.30%,0.313,1.77,0.343,61.10%,176,146,114,7.39,6.17,1.22,4.85,5,4153
Alex Young,- - -,7.44,4.67,1.59,2.08,17.50%,11.00%,6.50%,0.301,1.77,0.329,66.50%,153,149,120,6.58,6.25,0.33,5.11,4.93,18333
Alexander Wells,BAL,5.48,3.38,1.63,2.11,13.20%,8.10%,5.10%,0.298,1.62,0.303,69.00%,153,139,141,6.75,6.33,0.42,6.06,5.71,19845
Spenser Watkins,BAL,5.76,3.13,1.84,2.3,13.70%,7.50%,6.30%,0.316,1.7,0.324,59.70%,183,140,130,8.07,6.37,1.7,5.59,5.42,17489
Jackson Kowar,KCR,8.6,5.93,1.45,2.08,18.80%,13.00%,5.80%,0.326,2.08,0.375,48.90%,255,152,135,11.27,6.43,4.84,5.82,5.46,21549
Griffin Jax,MIN,7.13,3.18,2.24,2.52,18.10%,8.10%,10.00%,0.252,1.35,0.248,64.40%,147,150,134,6.37,6.47,-0.11,5.75,5.11,20253
Hyeon-jong Yang,TEX,6.37,4.08,1.56,2.29,15.60%,10.00%,5.60%,0.294,1.64,0.303,75.40%,131,152,123,5.6,6.51,-0.91,5.3,5.21,27513
Matt Shoemaker,MIN,5.97,4.03,1.48,2.24,14.10%,9.50%,4.60%,0.287,1.66,0.291,57.30%,186,153,127,8.06,6.57,1.49,5.44,5.43,4776
Buck Farmer,DET,9.42,5.35,1.76,2.29,21.60%,12.30%,9.40%,0.276,1.73,0.313,76.80%,147,153,128,6.37,6.59,-0.23,5.48,4.67,14814
Kohei Arihara,TEX,5.31,2.88,1.85,2.43,13.50%,7.30%,6.20%,0.28,1.43,0.27,66.50%,155,158,128,6.64,6.76,-0.12,5.5,5.39,27505
Bryan Garcia,DET,7.32,5.72,1.28,2.29,16.70%,13.00%,3.60%,0.291,1.86,0.309,60.70%,174,160,141,7.55,6.91,0.64,6.07,5.43,19457
Kyle Keller,PIT,9.72,5.94,1.64,2.43,23.20%,14.20%,9.00%,0.234,1.56,0.253,67.60%,156,165,139,6.48,6.95,-0.47,5.87,4.87,18890
Dean Kremer,BAL,7.88,4.19,1.88,2.85,19.20%,10.20%,9.00%,0.288,1.64,0.297,66.00%,171,153,133,7.55,6.99,0.56,5.73,5.26,19350
Adam Plutko,BAL,7.03,4.31,1.63,2.72,17.30%,10.60%,6.70%,0.289,1.63,0.293,73.00%,152,156,142,6.71,7.13,-0.42,6.12,5.23,15846
